Employee_ID,Employee_Name,Age,Gender,Department,Job_Role,Joining_Date,Monthly_Salary,Performance_Rating,Attendance_Percentage,Promotion_Status,Work_Location,,,Days_Since_Joining,Min-max scaling of performance,min-max scaling of attendance,Scaling for attendance,Value of the Employee,Rating,,,
EMP0001,Sachin Chatterjee,33,Male,Sales,Manager,30/06/19,65392,3,86.5,Not Promoted,Kochi,,,2560,0.5,0.841176471,0.825314821,0.667,High,,,
EMP0002,Anjali Naik,52,Male,Customer Support,Specialist,07/08/24,133609,3,91.1,Not Promoted,Mumbai,,,695,0.5,0.895294118,0.223119148,0.563,Medium,,,
EMP0003,Gaurav Rajan,32,Female,Finance,Supervisor,06/08/25,66033,4,65.8,Promoted,Pune,,,331,0.75,0.597647059,0.105586051,0.575,Medium,,,
EMP0004,Vijay Sharma,48,Male,Operations,Supervisor,28/11/18,262266,5,95,Not Promoted,Ahmedabad,,,2774,1,0.941176471,0.894413949,0.961,High,,,
EMP0005,Amit Das,29,Male,Information Technology,Coordinator,04/09/24,113126,5,83,Promoted,Bengaluru,,,667,1,0.8,0.21407814,0.783,High,,,
EMP0006,Aditya Gupta,51,Female,Finance,Consultant,01/02/25,65098,2,65.5,Promoted,Kolkata,,,517,0.25,0.594117647,0.165644172,0.336,Low,,,
EMP0007,Rajan Mehta,54,Female,Sales,Executive,08/03/25,130852,3,62.9,Not Promoted,Hyderabad,,,482,0.5,0.563529412,0.154342912,0.45,Low,,,
EMP0008,Ramesh Agarwal,24,Male,Logistics,Engineer,26/10/24,234066,1,54.8,Promoted,Pune,,,615,0,0.468235294,0.197287698,0.18,Low,,Weightage,
EMP0009,Kiran Rao,47,Male,Sales,Supervisor,31/07/21,281689,2,92.3,Promoted,Delhi,,,1798,0.25,0.909411765,0.579270262,0.514,Medium,,,
EMP0010,Kiran Kumar,53,Female,Human Resources,Specialist,15/07/18,196913,2,68.8,Not Promoted,Kolkata,,,2910,0.25,0.632941176,0.938327414,0.503,Medium,,Performance ,50%
EMP0011,Rohit Pillai,44,Male,Unknown,Executive,08/03/22,228970,3,61.5,Not Promoted,Mumbai,,,1578,0.5,0.547058824,0.508233775,0.516,Medium,,Attendance,30%
EMP0012,Geeta Malhotra,27,Female,Sales,Manager,21/04/22,175386,4,87.6,Promoted,Ahmedabad,,,1534,0.75,0.854117647,0.494026477,0.73,High,,Tenure,20%
EMP0013,Sangeeta Tiwari,25,Female,Operations,Coordinator,25/12/23,86731,3,71.5,Not Promoted,Kolkata,,,921,0.5,0.664705882,0.296092993,0.509,Medium,,,
EMP0014,Harish Naik,31,Female,Customer Support,Specialist,09/12/24,250714,2,69,Promoted,Delhi,,,571,0.25,0.635294118,0.1830804,0.352,Low,,,
EMP0015,Aarav Das,39,Male,Information Technology,Team Lead,15/05/25,238477,2,70.4,Not Promoted,Kolkata,,,414,0.25,0.651764706,0.13238618,0.347,Low,,,
EMP0016,Aarav Iyer,53,Male,Human Resources,Supervisor,25/06/21,107744,5,89.2,Not Promoted,Mumbai,,,1834,1,0.872941176,0.590894414,0.88,High,,,
EMP0017,Neha Pillai,50,Female,Sales,Executive,07/03/19,181219,1,79,Promoted,Kolkata,,,2675,0,0.752941176,0.86244753,0.398,Low,,,
EMP0018,Priya Banerjee,56,Female,Sales,Analyst,05/06/22,228900,2,63.2,Not Promoted,Hyderabad,,,1489,0.25,0.567058824,0.479496287,0.391,Low,,,
EMP0019,Jai Mehta,49,Female,Customer Support,Supervisor,07/01/26,113760,3,62.5,Not Promoted,Ahmedabad,,,177,0.5,0.558823529,0.05586051,0.429,Low,,,
EMP0020,Vikram Chatterjee,32,Female,Logistics,Coordinator,16/06/25,108857,1,76.6,Not Promoted,Kochi,,,382,0,0.724705882,0.1220536,0.242,Low,,,
EMP0021,Aarav Iyer,42,Female,Finance,Associate,07/05/25,22065,5,74.8,Not Promoted,Chennai,,,422,1,0.703529412,0.134969325,0.738,High,,,
EMP0022,Vinay Kapoor,47,Female,Information Technology,Engineer,06/08/24,44897,3,51.8,Not Promoted,Kochi,,,696,0.5,0.432941176,0.223442041,0.425,Low,,,
EMP0023,Meera Hegde,39,Male,Administration,Executive,19/10/25,239004,2,90.3,Promoted,Ahmedabad,,,257,0.25,0.885882353,0.08169196,0.407,Low,,,
EMP0024,Kavya Pandey,38,Female,Finance,Supervisor,22/03/20,111037,3,82.6,Not Promoted,Bengaluru,,,2294,0.5,0.795294118,0.73942525,0.636,Medium,,,
EMP0025,Radha Iyer,29,Male,Information Technology,Supervisor,21/12/18,37345,5,74.8,Promoted,Delhi,,,2751,1,0.703529412,0.886987407,0.888,High,,,
EMP0026,Indira Bose,60,Male,Operations,Executive,03/11/21,248661,2,65.4,Not Promoted,Bengaluru,,,1703,0.25,0.592941176,0.548595415,0.413,Low,,,
EMP0027,Gaurav Bhatt,54,Male,Sales,Consultant,25/08/25,70838,2,78.3,Not Promoted,Coimbatore,,,312,0.25,0.744705882,0.099451082,0.368,Low,,,
EMP0028,Indira Reddy,31,Male,Administration,Associate,02/11/20,184309,5,52.3,Not Promoted,Chennai,,,2069,1,0.438823529,0.666774298,0.765,High,,,
EMP0029,Priya Gupta,29,Male,Marketing,Supervisor,26/04/21,5000000,1,74.6,Promoted,Chennai,,,1894,0,0.701176471,0.610268001,0.332,Low,,,
EMP0030,Ramesh Gupta,59,Female,Operations,Associate,22/05/18,217475,3,80.5,Not Promoted,Hyderabad,,,2964,0.5,0.770588235,0.955763642,0.672,High,,,
EMP0031,Nisha Verma,39,Female,Customer Support,Supervisor,10/01/26,139448,2,76.2,Promoted,Mumbai,,,174,0.25,0.72,0.054891831,0.352,Low,,,
EMP0032,Mohan Tiwari,31,Male,Customer Support,Executive,05/05/24,162596,2,56.6,Promoted,Pune,,,789,0.25,0.489411765,0.253471101,0.323,Low,,,
EMP0033,Amit Tiwari,32,Female,Information Technology,Executive,21/03/25,38664,5,69.8,Not Promoted,Bengaluru,,,469,1,0.644705882,0.150145302,0.723,High,,,
EMP0034,Kavya Kulkarni,35,Female,Customer Support,Engineer,13/05/23,67707,3,75.1,Promoted,Coimbatore,,,1147,0.5,0.707058824,0.369066839,0.536,Medium,,,
EMP0035,Suresh Chopra,27,Female,Logistics,Manager,12/12/19,90576,4,86.9,Promoted,Hyderabad,,,2395,0.75,0.845882353,0.772037456,0.783,High,,,
EMP0036,Gitanjali Tiwari,31,Male,Sales,Manager,19/11/23,138895,4,69.8,Not Promoted,Bengaluru,,,957,0.75,0.644705882,0.307717146,0.63,Medium,,,
EMP0037,Mohan Tiwari,41,Female,Administration,Manager,02/02/19,35519,1,71.8,Not Promoted,Mumbai,,,2708,0,0.668235294,0.873103003,0.375,Low,,,
EMP0038,Madhuri Patel,39,Male,Marketing,Team Lead,11/02/18,298037,3,59.8,Not Promoted,Bengaluru,,,3064,0.5,0.527058824,0.988052954,0.606,Medium,,,
EMP0039,Kavya Das,45,Male,Marketing,Supervisor,02/12/20,123868,4,52.8,Promoted,Delhi,,,2039,0.75,0.444705882,0.657087504,0.64,Medium,,,
EMP0040,Meera Joshi,59,Male,Customer Support,Executive,09/01/22,186710,4,62.2,Promoted,Bengaluru,,,1636,0.75,0.555294118,0.526961576,0.647,High,,,
EMP0041,Aditya Verma,32,Male,Sales,Associate,17/12/24,154175,1,82.3,Not Promoted,Bengaluru,,,563,0,0.791764706,0.180497255,0.274,Low,,,
EMP0042,Harish Menon,26,Female,Administration,Consultant,05/04/24,217051,5,95.2,Not Promoted,Delhi,,,819,1,0.943529412,0.263157895,0.836,High,,,
EMP0043,Seema Das,28,Female,Research & Development,Manager,21/09/18,37422,2,63.4,Not Promoted,Bengaluru,,,2842,0.25,0.569411765,0.916370681,0.479,Medium,,,
EMP0044,Nikhil Malhotra,41,Male,Sales,Coordinator,17/06/25,253152,5,50.8,Not Promoted,Pune,,,381,1,0.421176471,0.121730707,0.651,High,,,
EMP0045,Ananya Chatterjee,28,Male,Marketing,Coordinator,23/11/25,251504,4,89.7,Not Promoted,Kochi,,,222,0.75,0.878823529,0.070390701,0.653,High,,,
EMP0046,Mohan Lal,55,Male,Marketing,Consultant,03/05/20,55715,5,96.3,Not Promoted,Ahmedabad,,,2252,1,0.956470588,0.725863739,0.932,High,,,
EMP0047,Rajan Lal,26,Male,Human Resources,Specialist,09/12/18,88000,4,59.6,Not Promoted,Coimbatore,,,2763,0.75,0.524705882,0.890862125,0.711,High,,,
EMP0048,Vinay Verma,22,Male,Operations,Manager,14/04/20,76056,1,99.9,Not Promoted,Hyderabad,,,2271,0,0.998823529,0.731998708,0.446,Low,,,
EMP0049,Gitanjali Mehta,39,Male,Customer Support,Analyst,22/06/21,116852,4,69.3,Promoted,Bengaluru,,,1837,0.75,0.638823529,0.591863093,0.685,High,,,
EMP0050,Nikhil Desai,40,Female,Information Technology,Team Lead,28/02/26,84823,1,87.4,Promoted,Pune,,,125,0,0.851764706,0.039070068,0.263,Low,,,
EMP0051,Shreya Mukherjee,29,Female,Logistics,Coordinator,09/06/20,282988,3,91.4,Not Promoted,Kochi,,,2215,0.5,0.898823529,0.713916694,0.662,High,,,
EMP0052,Neha Rao,50,Female,Information Technology,Manager,10/09/21,287593,2,90.1,Promoted,Coimbatore,,,1757,0.25,0.883529412,0.566031644,0.503,Medium,,,
EMP0053,Ramesh Lal,54,Male,Sales,Supervisor,17/11/22,95803,5,50,Not Promoted,Kolkata,,,1324,1,0.411764706,0.426218922,0.709,High,,,
EMP0054,Vinay Reddy,21,Female,Finance,Consultant,19/02/23,75919,1,74.8,Promoted,Mumbai,,,1230,0,0.703529412,0.395866968,0.29,Low,,,
EMP0055,Priya Shah,28,Male,Marketing,Team Lead,11/12/19,999999,1,74.8,Not Promoted,Chennai,,,2396,0,0.703529412,0.772360349,0.366,Low,,,
EMP0056,Gitanjali Chopra,40,Female,Operations,Supervisor,25/06/18,252263,3,74,Not Promoted,Delhi,,,2930,0.5,0.694117647,0.944785276,0.647,High,,,
EMP0057,Manish Das,29,Male,Operations,Supervisor,20/07/25,141396,2,90.5,Not Promoted,Kochi,,,348,0.25,0.888235294,0.111075234,0.414,Low,,,
EMP1015,Vishal Chatterjee,26,Female,Sales,Engineer,30/07/21,258397,1,67.3,Not Promoted,Kolkata,,,1799,0,0.615294118,0.579593155,0.301,Low,,,
EMP0059,Aditya Verma,59,Female,Information Technology,Engineer,22/11/22,44008,1,76.7,Not Promoted,Kochi,,,1319,0,0.725882353,0.424604456,0.303,Low,,,
EMP0060,Pooja Banerjee,32,Female,Finance,Supervisor,25/04/21,37261,3,71.2,Not Promoted,Hyderabad,,,1895,0.5,0.661176471,0.610590894,0.57,Medium,,,
EMP0061,Akash Rao,26,Female,Customer Support,Consultant,07/02/24,218949,3,79.6,Not Promoted,Pune,,,877,0.5,0.76,0.281885696,0.534,Medium,,,
EMP0062,Arjun Chopra,43,Male,Finance,Team Lead,21/08/25,71696,1,68.4,Not Promoted,Coimbatore,,,316,0,0.628235294,0.100742654,0.209,Low,,,
EMP0063,Mohan Kulkarni,28,Female,Marketing,Consultant,13/06/19,90719,2,64.4,Not Promoted,Chennai,,,2577,0.25,0.581176471,0.830804004,0.466,Medium,,,
EMP0064,Vijay Chauhan,41,Female,Information Technology,Manager,12/08/22,294533,5,56.4,Not Promoted,Kolkata,,,1421,1,0.487058824,0.457539554,0.738,High,,,
EMP0065,Radha Chatterjee,26,Female,Human Resources,Coordinator,24/07/20,270674,1,75,Not Promoted,Mumbai,,,2170,0,0.705882353,0.699386503,0.352,Low,,,
EMP0066,Chirag Chauhan,23,Male,Administration,Analyst,25/12/21,87613,3,88.8,Not Promoted,Chennai,,,1651,0.5,0.868235294,0.531804973,0.617,Medium,,,
EMP0067,Ananya Sharma,34,Male,Administration,Manager,19/03/25,295073,4,74.8,Not Promoted,Chennai,,,471,0.75,0.703529412,0.150791088,0.616,Medium,,,
EMP0068,Manish Singh,59,Male,Information Technology,Consultant,26/01/20,85843,5,72.9,Not Promoted,Chennai,,,2350,1,0.681176471,0.757507265,0.856,High,,,
EMP0069,Chirag Singh,40,Male,Human Resources,Manager,21/05/24,226282,3,96.9,Not Promoted,Hyderabad,,,773,0.5,0.963529412,0.248304811,0.589,Medium,,,
EMP0070,Pooja Jain,43,Male,Human Resources,Associate,17/06/24,162596,5,92.1,Not Promoted,Kolkata,,,746,1,0.907058824,0.239586697,0.82,High,,,
EMP0071,Pankaj Tiwari,32,Female,Administration,Analyst,13/05/22,236246,3,97.9,Not Promoted,Ahmedabad,,,1512,0.5,0.975294118,0.486922829,0.64,Medium,,,
EMP0072,Aarav Hegde,32,Male,Marketing,Manager,10/12/19,29325,2,76.4,Promoted,Pune,,,2397,0.25,0.722352941,0.772683242,0.496,Medium,,,
EMP0073,Neha Kapoor,46,Female,Customer Support,Engineer,22/12/20,216366,2,50.3,Not Promoted,Ahmedabad,,,2019,0.25,0.415294118,0.650629642,0.38,Low,,,
EMP0074,Shivam Pandey,51,Female,Information Technology,Associate,10/05/24,93963,5,52.4,Not Promoted,Kochi,,,784,1,0.44,0.251856635,0.682,High,,,
EMP0075,Harish Kulkarni,30,Female,Sales,Supervisor,28/04/19,228020,3,88.7,Not Promoted,Delhi,,,2623,0.5,0.867058824,0.845657088,0.679,High,,,
EMP0076,Rajan Chopra,25,Male,Sales,Manager,03/05/22,102157,2,85.6,Promoted,Delhi,,,1522,0.25,0.830588235,0.49015176,0.472,Medium,,,
EMP0077,Anjali Rao,24,Male,Finance,Coordinator,05/04/22,132865,3,71.9,Not Promoted,Chennai,,,1550,0.5,0.669411765,0.499192767,0.551,Medium,,,
EMP0078,Kiran Hegde,48,Female,Operations,Team Lead,13/06/22,108412,5,74.8,Not Promoted,Coimbatore,,,1480,1,0.703529412,0.476590249,0.806,High,,,
EMP0079,Rekha Mehta,51,Female,Administration,Engineer,06/02/23,291939,4,79.8,Not Promoted,Kochi,,,1243,0.75,0.762352941,0.400064579,0.684,High,,,
EMP0080,Shalini Naik,50,Male,Administration,Executive,13/06/22,258298,2,56.1,Not Promoted,Chennai,,,1480,0.25,0.483529412,0.476590249,0.365,Low,,,
EMP0081,Rohit Menon,41,Male,Sales,Engineer,14/05/19,245259,5,96.5,Promoted,Bengaluru,,,2607,1,0.958823529,0.840490798,0.956,High,,,
EMP0082,Divya Kulkarni,33,Male,Sales,Team Lead,24/03/18,201362,1,97.9,Promoted,Chennai,,,3023,0,0.975294118,0.974814336,0.488,Medium,,,
EMP0083,Lakshmi Bose,59,Male,Sales,Supervisor,13/06/26,23383,2,73.1,Not Promoted,Delhi,,,20,0.25,0.683529412,0.00516629,0.331,Low,,,
EMP0084,Gitanjali Banerjee,43,Female,Sales,Team Lead,13/03/18,256905,1,58.4,Promoted,Mumbai,,,3034,0,0.510588235,0.978366161,0.349,Low,,,
EMP0085,Esha Mukherjee,39,Female,Operations,Engineer,08/12/25,266850,3,82.7,Not Promoted,Ahmedabad,,,207,0.5,0.796470588,0.065547304,0.502,Medium,,,
EMP0086,Geeta Bhatt,21,Female,Human Resources,Team Lead,13/06/22,67280,3,55.4,Promoted,Kolkata,,,1480,0.5,0.475294118,0.476590249,0.488,Medium,,,
EMP0087,Seema Banerjee,21,Male,Operations,Associate,05/02/22,197781,3,45,Not Promoted,Pune,,,1609,0.5,0.352941176,0.518243461,0.46,Medium,,,
EMP0088,Rohit Gupta,59,Male,Marketing,Supervisor,19/11/18,66030,4,53.6,Promoted,Mumbai,,,2783,0.75,0.454117647,0.897319987,0.691,High,,,
EMP0089,Deepa Das,45,Female,Sales,Manager,09/08/18,89579,5,62.6,Not Promoted,Kolkata,,,2885,1,0.56,0.930255086,0.854,High,,,
EMP0090,Kavya Sharma,42,Female,Sales,Consultant,05/01/21,280901,2,58.5,Not Promoted,Coimbatore,,,2005,0.25,0.511764706,0.646109138,0.408,Low,,,
EMP0091,Deepak Verma,24,Male,Human Resources,Team Lead,19/12/21,266053,2,53,Not Promoted,Delhi,,,1657,0.25,0.447058824,0.533742331,0.366,Low,,,
EMP0092,Vinay Tiwari,36,Female,Sales,Executive,14/10/20,152816,4,96.6,Not Promoted,Bengaluru,,,2088,0.75,0.96,0.672909267,0.798,High,,,
EMP0093,Esha Hegde,32,Male,Logistics,Manager,21/07/21,276704,4,68,Not Promoted,Mumbai,,,1808,0.75,0.623529412,0.582499193,0.679,High,,,
EMP0094,Manish Menon,53,Female,Marketing,Consultant,16/03/20,253998,2,94.4,Not Promoted,Kochi,,,2300,0.25,0.934117647,0.741362609,0.554,Medium,,,
EMP0095,Akash Chopra,42,Female,Sales,Analyst,17/03/24,39972,2,51.6,Promoted,Pune,,,838,0.25,0.430588235,0.269292864,0.308,Low,,,
EMP0096,Indira Menon,21,Male,Finance,Engineer,06/03/18,150453,1,56.2,Promoted,Bengaluru,,,3041,0,0.484705882,0.980626413,0.342,Low,,,
EMP0097,Aditya Pandey,44,Female,Information Technology,Coordinator,28/04/22,44592,4,59,Promoted,Kochi,,,1527,0.75,0.517647059,0.491766225,0.629,Medium,,,
EMP0098,Shivam Kapoor,25,Female,Information Technology,Team Lead,24/05/25,181092,5,52.1,Promoted,Mumbai,,,405,1,0.436470588,0.129480142,0.657,High,,,
EMP0099,Akash Chauhan,56,Female,Sales,Specialist,29/03/23,78047,3,93,Not Promoted,Mumbai,,,1192,0.5,0.917647059,0.383597029,0.602,Medium,,,
EMP0100,Deepa Singh,31,Female,Finance,Engineer,06/04/20,88351,2,81.3,Promoted,Coimbatore,,,2279,0.25,0.78,0.734581853,0.506,Medium,,,
EMP0101,Lokesh Tiwari,26,Male,Sales,Supervisor,04/01/24,29462,5,72,Not Promoted,Ahmedabad,,,911,1,0.670588235,0.292864062,0.76,High,,,
EMP0102,Zara Pandey,57,Female,Unknown,Coordinator,17/06/19,263622,5,67.2,Not Promoted,Mumbai,,,2573,1,0.614117647,0.829512431,0.85,High,,,
EMP0103,Deepak Chauhan,59,Male,Information Technology,Analyst,16/03/25,56484,2,80.1,Not Promoted,Hyderabad,,,474,0.25,0.765882353,0.151759768,0.385,Low,,,
EMP0104,Tanvi Kulkarni,47,Female,Human Resources,Team Lead,27/04/22,117405,3,93.9,Not Promoted,Chennai,,,1528,0.5,0.928235294,0.492089119,0.627,Medium,,,
EMP0105,Ananya Lal,33,Female,Operations,Engineer,26/09/19,272884,3,78.4,Not Promoted,Hyderabad,,,2472,0.5,0.745882353,0.796900226,0.633,Medium,,,
EMP0106,Rajan Banerjee,36,Male,Marketing,Team Lead,28/06/20,285884,5,55.1,Not Promoted,Coimbatore,,,2196,1,0.471764706,0.707781724,0.783,High,,,
EMP0107,Divya Agarwal,38,Female,Administration,Engineer,30/05/20,179496,1,76.1,Not Promoted,Chennai,,,2225,0,0.718823529,0.717145625,0.359,Low,,,
EMP0108,Hemant Banerjee,21,Female,Information Technology,Specialist,08/01/24,162694,5,54.5,Unknown,Kochi,,,907,1,0.464705882,0.29157249,0.698,High,,,
EMP0109,Hemant Jain,59,Male,Research & Development,Associate,08/03/20,101829,1,89.7,Promoted,Ahmedabad,,,2308,0,0.878823529,0.743945754,0.412,Low,,,
EMP0110,Arjun Lal,48,Unknown,Research & Development,Unknown,20/07/24,292466,4,99.7,Not Promoted,Bengaluru,,,713,0.75,0.996470588,0.228931224,0.72,High,,,
EMP0111,Shivam Kulkarni,58,Female,Sales,Associate,19/08/21,73900,3,82.2,Promoted,Hyderabad,,,1779,0.5,0.790588235,0.573135292,0.602,Medium,,,
EMP0112,Radha Mishra,39,Male,Sales,Specialist,09/05/23,43274,3,60.9,Not Promoted,Ahmedabad,,,1151,0.5,0.54,0.370358411,0.486,Medium,,,
EMP0113,Gitanjali Tiwari,24,Male,Sales,Specialist,22/12/18,63828,4,59.2,Not Promoted,Coimbatore,,,2750,0.75,0.52,0.886664514,0.708,High,,,
EMP0114,Gaurav Chopra,57,Female,Marketing,Analyst,08/12/18,55914,3,89.2,Promoted,Mumbai,,,2764,0.5,0.872941176,0.891185018,0.69,High,,,
EMP0115,Farhan Chauhan,25,Male,Customer Support,Manager,01/10/23,162596,4,60,Not Promoted,Delhi,,,1006,0.75,0.529411765,0.323538909,0.599,Medium,,,
EMP0116,Vinay Menon,58,Female,Information Technology,Coordinator,11/07/19,140941,2,70.4,Not Promoted,Pune,,,2549,0.25,0.651764706,0.821762996,0.485,Medium,,,
EMP0117,Jai Banerjee,45,Female,Finance,Specialist,13/06/22,44152,2,74.5,Not Promoted,Kochi,,,1480,0.25,0.7,0.476590249,0.43,Low,,,
EMP0118,Aditya Krishnan,48,Male,Sales,Analyst,15/12/22,235143,4,50.9,Promoted,Bengaluru,,,1296,0.75,0.422352941,0.417177914,0.585,Medium,,,
EMP0119,Mohan Gandhi,45,Male,Information Technology,Manager,06/07/21,162596,3,84.8,Not Promoted,Coimbatore,,,1823,0.5,0.821176471,0.58734259,0.614,Medium,,,
EMP0120,Sunita Agarwal,23,Male,Customer Support,Unknown,13/06/22,90334,1,94.8,Not Promoted,Delhi,,,1480,0,0.938823529,0.476590249,0.377,Low,,,
EMP0121,Lakshmi Pandey,44,Male,Sales,Coordinator,26/04/21,261085,3,81.2,Not Promoted,Hyderabad,,,1894,0.5,0.778823529,0.610268001,0.606,Medium,,,
EMP0122,Madhuri Verma,25,Male,Research & Development,Associate,14/08/23,172053,4,51.8,Not Promoted,Chennai,,,1054,0.75,0.432941176,0.339037778,0.573,Medium,,,
EMP0123,Shreya Rao,31,Female,Customer Support,Associate,30/05/18,121294,3,78.6,Not Promoted,Coimbatore,,,2956,0.5,0.748235294,0.953180497,0.665,High,,,
EMP0124,Vinay Mukherjee,23,Male,Logistics,Analyst,05/08/23,297913,2,60.8,Not Promoted,Ahmedabad,,,1063,0.25,0.538823529,0.341943817,0.355,Low,,,
EMP0125,Rajan Iyer,51,Male,Administration,Specialist,05/04/26,96254,1,87.6,Promoted,Kolkata,,,89,0,0.854117647,0.027445915,0.262,Low,,,
EMP0126,Meera Bose,37,Male,Information Technology,Executive,20/11/20,166383,3,73.5,Promoted,Kolkata,,,2051,0.5,0.688235294,0.660962222,0.589,Medium,,,
EMP0127,Shalini Jain,40,Male,Research & Development,Coordinator,23/02/25,47629,3,61.3,Promoted,Delhi,,,495,0.5,0.544705882,0.158540523,0.445,Low,,,
EMP0128,Aarav Sharma,29,Female,Research & Development,Executive,01/11/21,293366,4,89.1,Not Promoted,Delhi,,,1705,0.75,0.871764706,0.549241201,0.746,High,,,
EMP0129,Indira Bose,25,Female,Logistics,Engineer,01/12/24,162596,1,90.5,Not Promoted,Delhi,,,579,0,0.888235294,0.185663545,0.304,Low,,,
EMP0130,Sachin Singh,41,Female,Marketing,Engineer,13/06/22,60840,2,82.8,Not Promoted,Bengaluru,,,1480,0.25,0.797647059,0.476590249,0.46,Medium,,,
EMP0131,Usha Reddy,60,Female,Research & Development,Analyst,18/05/21,284608,1,95.2,Not Promoted,Mumbai,,,1872,0,0.943529412,0.603164353,0.404,Low,,,
EMP0132,Gaurav Mehta,44,Male,Operations,Supervisor,26/11/20,245385,1,60.7,Not Promoted,Ahmedabad,,,2045,0,0.537647059,0.659024863,0.293,Low,,,
EMP0133,Nisha Rao,43,Female,Administration,Analyst,13/06/22,27516,2,80.3,Promoted,Mumbai,,,1480,0.25,0.768235294,0.476590249,0.451,Low,,,
EMP0134,Ramesh Chauhan,41,Male,Logistics,Consultant,21/11/25,253655,2,59.9,Not Promoted,Delhi,,,224,0.25,0.528235294,0.071036487,0.298,Low,,,
EMP0135,Priya Krishnan,28,Male,Logistics,Executive,21/10/21,226565,3,94.2,Not Promoted,Pune,,,1716,0.5,0.931764706,0.552793026,0.64,Medium,,,
EMP0136,Arun Reddy,29,Male,Finance,Associate,29/05/24,197887,5,92.3,Promoted,Mumbai,,,765,1,0.909411765,0.245721666,0.822,High,,,
EMP0137,Seema Menon,32,Male,Human Resources,Specialist,09/07/18,21668,3,51.5,Not Promoted,Ahmedabad,,,2916,0.5,0.429411765,0.940264772,0.567,Medium,,,
EMP0138,Neha Banerjee,33,Male,Customer Support,Manager,28/04/26,163603,2,94.5,Promoted,Delhi,,,66,0.25,0.935294118,0.020019374,0.41,Low,,,
EMP0139,Amit Sharma,41,Male,Logistics,Specialist,16/07/18,228798,2,61.2,Not Promoted,Bengaluru,,,2909,0.25,0.543529412,0.938004521,0.476,Medium,,,
EMP0140,Farhan Lal,36,Female,Administration,Specialist,29/07/22,85646,3,70.1,Not Promoted,Pune,,,1435,0.5,0.648235294,0.462060058,0.537,Medium,,,
EMP0141,Rohit Rajan,37,Female,Administration,Specialist,29/10/24,292669,2,74.8,Not Promoted,Kochi,,,612,0.25,0.703529412,0.196319018,0.375,Low,,,
EMP0142,Divya Banerjee,34,Female,Marketing,Coordinator,08/11/23,174341,3,92.7,Not Promoted,Mumbai,,,968,0.5,0.914117647,0.31126897,0.586,Medium,,,
EMP0143,Neha Rao,39,Male,Marketing,Executive,26/04/21,244474,5,59.7,Not Promoted,Bengaluru,,,1894,1,0.525882353,0.610268001,0.78,High,,,
EMP0144,Sachin Rao,46,Male,Administration,Specialist,03/03/23,141393,1,51.4,Not Promoted,Coimbatore,,,1218,0,0.428235294,0.391992251,0.207,Low,,,
EMP0145,Usha Lal,34,Male,Finance,Executive,18/07/21,277957,3,61.6,Not Promoted,Mumbai,,,1811,0.5,0.548235294,0.583467872,0.531,Medium,,,
EMP0146,Pankaj Tiwari,42,Female,Finance,Analyst,10/05/19,261507,2,94.2,Promoted,Kochi,,,2611,0.25,0.931764706,0.84178237,0.573,Medium,,,
EMP0147,Lakshmi Sharma,30,Male,Operations,Engineer,27/04/21,117270,1,68.4,Not Promoted,Bengaluru,,,1893,0,0.628235294,0.609945108,0.31,Low,,,
EMP0148,Ananya Shah,54,Female,Marketing,Consultant,05/01/25,119250,3,64.4,Not Promoted,Kochi,,,544,0.5,0.581176471,0.174362286,0.459,Medium,,,
EMP0149,Anjali Jain,46,Male,Operations,Specialist,07/01/18,281684,5,93.9,Not Promoted,Hyderabad,,,3099,1,0.928235294,0.999354214,0.978,High,,,
EMP0150,Kiran Menon,50,Female,Finance,Consultant,29/01/20,271984,4,69.1,Not Promoted,Coimbatore,,,2347,0.75,0.636470588,0.756538586,0.717,High,,,
EMP0151,Bhavna Menon,33,Female,Marketing,Analyst,09/05/19,101118,4,92.7,Not Promoted,Hyderabad,,,2612,0.75,0.914117647,0.842105263,0.818,High,,,
EMP0152,Esha Krishnan,41,Female,Finance,Executive,09/09/24,182104,1,50,Promoted,Coimbatore,,,662,0,0.411764706,0.212463675,0.166,Low,,,
EMP0153,Aarav Patel,48,Female,Marketing,Specialist,01/09/21,221320,1,76.9,Promoted,Ahmedabad,,,1766,0,0.728235294,0.568937682,0.332,Low,,,
EMP0154,Deepak Iyer,48,Female,Sales,Engineer,07/07/25,51517,4,50,Not Promoted,Chennai,,,361,0.75,0.411764706,0.115272845,0.522,Medium,,,
EMP0155,Ananya Patel,46,Male,Human Resources,Consultant,09/06/24,54429,3,60.9,Promoted,Delhi,,,754,0.5,0.54,0.242169842,0.46,Medium,,,
EMP0156,Harish Chauhan,38,Male,Research & Development,Team Lead,19/12/25,28855,1,66.8,Not Promoted,Hyderabad,,,196,0,0.609411765,0.061995479,0.195,Low,,,
EMP0299,Ramesh Lal,41,Female,Administration,Specialist,06/08/25,115110,4,54.9,Promoted,Kolkata,,,331,0.75,0.469411765,0.105586051,0.537,Medium,,,
EMP0158,Nikhil Gupta,25,Female,Customer Support,Manager,24/05/26,203291,3,51.4,Not Promoted,Mumbai,,,40,0.5,0.428235294,0.011624152,0.381,Low,,,
EMP0159,Vikram Chatterjee,24,Male,Logistics,Supervisor,26/10/25,80240,5,81.1,Not Promoted,Coimbatore,,,250,1,0.777647059,0.079431708,0.749,High,,,
EMP0160,Vinay Sharma,23,Male,Operations,Team Lead,17/03/21,110909,3,53.5,Promoted,Kolkata,,,1934,0.5,0.452941176,0.623183726,0.511,Medium,,,
EMP0879,Seema Pandey,33,Male,Marketing,Coordinator,30/04/26,284928,1,56.4,Promoted,Kolkata,,,64,0,0.487058824,0.019373587,0.15,Low,,,
EMP0162,Priya Kapoor,41,Female,Research & Development,Engineer,05/01/24,217478,4,74.8,Promoted,Hyderabad,,,910,0.75,0.703529412,0.292541169,0.645,High,,,
EMP0163,Pooja Menon,54,Female,Research & Development,Specialist,13/09/25,70166,2,67.5,Promoted,Bengaluru,,,293,0.25,0.617647059,0.093316112,0.329,Low,,,
EMP0164,Pooja Bose,36,Female,Logistics,Specialist,17/05/23,286144,3,50.9,Not Promoted,Pune,,,1143,0.5,0.422352941,0.367775266,0.45,Low,,,
EMP0165,Manish Singh,28,Male,Human Resources,Supervisor,27/07/21,162596,3,95.4,Not Promoted,Mumbai,,,1802,0.5,0.945882353,0.580561834,0.65,High,,,
EMP0166,Neha Pillai,33,Female,Sales,Executive,11/04/25,116151,4,54.7,Not Promoted,Mumbai,,,448,0.75,0.467058824,0.143364546,0.544,Medium,,,
EMP0167,Suresh Das,36,Female,Operations,Supervisor,04/09/22,144675,2,95.5,Promoted,Chennai,,,1398,0.25,0.947058824,0.450113013,0.499,Medium,,,
EMP0168,Nisha Yadav,52,Female,Finance,Specialist,15/09/20,157559,1,77.5,Not Promoted,Mumbai,,,2117,0,0.735294118,0.682273168,0.357,Low,,,
EMP0169,Sachin Mishra,26,Female,Sales,Supervisor,19/03/23,162596,1,61.4,Not Promoted,Kochi,,,1202,0,0.545882353,0.386825961,0.241,Low,,,
EMP0170,Farhan Krishnan,25,Female,Sales,Specialist,04/03/22,206818,4,55.6,Promoted,Delhi,,,1582,0.75,0.477647059,0.509525347,0.62,Medium,,,
EMP0171,Rahul Verma,49,Female,Operations,Manager,07/03/26,238174,2,72,Not Promoted,Bengaluru,,,118,0.25,0.670588235,0.036809816,0.334,Low,,,
EMP0172,Nikhil Gandhi,25,Male,Finance,Analyst,27/03/26,93863,3,85.1,Not Promoted,Delhi,,,98,0.5,0.824705882,0.030351954,0.503,Medium,,,
EMP0173,Indira Patel,18,Male,Information Technology,Supervisor,20/09/20,145760,1,52.1,Not Promoted,Coimbatore,,,2112,0,0.436470588,0.680658702,0.267,Low,,,
EMP0174,Jai Pillai,31,Female,Administration,Unknown,21/02/20,178216,3,88.2,Promoted,Bengaluru,,,2324,0.5,0.861176471,0.749112044,0.658,High,,,
EMP0175,Manish Krishnan,49,Female,Human Resources,Consultant,11/05/22,33188,3,91.3,Not Promoted,Chennai,,,1514,0.5,0.897647059,0.487568615,0.617,Medium,,,
EMP0176,Bhavna Menon,50,Male,Marketing,Consultant,19/09/21,27697,2,90.1,Not Promoted,Coimbatore,,,1748,0.25,0.883529412,0.563125605,0.503,Medium,,,
EMP0177,Komal Mukherjee,46,Male,Sales,Consultant,02/02/25,272527,1,65.7,Not Promoted,Ahmedabad,,,516,0,0.596470588,0.165321279,0.212,Low,,,
EMP0178,Gitanjali Gupta,55,Female,Operations,Coordinator,02/02/20,38919,2,51.7,Not Promoted,Coimbatore,,,2343,0.25,0.431764706,0.755247013,0.406,Low,,,
EMP0179,Rahul Mishra,46,Male,Marketing,Analyst,11/12/21,162596,1,51.9,Not Promoted,Hyderabad,,,1665,0,0.434117647,0.536325476,0.238,Low,,,
EMP0180,Gitanjali Pandey,60,Female,Administration,Analyst,10/01/23,177041,2,69.8,Promoted,Hyderabad,,,1270,0.25,0.644705882,0.408782693,0.4,Low,,,
EMP0181,Nisha Patel,43,Female,Information Technology,Analyst,19/10/20,162596,4,74.8,Promoted,Coimbatore,,,2083,0.75,0.703529412,0.671294801,0.72,High,,,
EMP0182,Pankaj Pandey,56,Male,Human Resources,Analyst,11/07/21,185159,5,99.6,Not Promoted,Mumbai,,,1818,1,0.995294118,0.585728124,0.916,High,,,
EMP0183,Pooja Rao,41,Male,Marketing,Coordinator,17/06/24,36303,2,90.3,Promoted,Kochi,,,746,0.25,0.885882353,0.239586697,0.439,Low,,,
EMP0184,Gaurav Reddy,44,Male,Sales,Analyst,20/09/22,35208,5,55.8,Not Promoted,Chennai,,,1382,1,0.48,0.444946723,0.733,High,,,
EMP0185,Shreya Reddy,40,Male,Human Resources,Coordinator,01/03/19,274913,2,90.7,Promoted,Delhi,,,2681,0.25,0.890588235,0.864384889,0.565,Medium,,,
EMP0186,Lakshmi Joshi,55,Male,Marketing,Supervisor,12/07/20,112464,4,45,Not Promoted,Ahmedabad,,,2182,0.75,0.352941176,0.703261221,0.622,Medium,,,
EMP0187,Swati Verma,28,Female,Research & Development,Manager,27/06/26,123072,3,70.8,Not Promoted,Mumbai,,,6,0.5,0.656470588,0.000645786,0.447,Low,,,
EMP0188,Deepa Sharma,53,Female,Finance,Associate,01/01/20,294382,3,83.1,Not Promoted,Pune,,,2375,0.5,0.801176471,0.765579593,0.643,Medium,,,
EMP0189,Geeta Kulkarni,59,Male,Information Technology,Manager,09/08/18,122026,5,83.8,Not Promoted,Mumbai,,,2885,1,0.809411765,0.930255086,0.929,High,,,
EMP0190,Vijay Lal,56,Male,Sales,Consultant,04/05/23,171265,5,90.3,Not Promoted,Ahmedabad,,,1156,1,0.885882353,0.371972877,0.84,High,,,
EMP0191,Hemant Tiwari,47,Female,Research & Development,Associate,04/08/25,153829,5,60.7,Promoted,Pune,,,333,1,0.537647059,0.106231837,0.683,High,,,
EMP0192,Esha Naik,48,Male,Administration,Team Lead,05/07/22,251150,1,88.1,Not Promoted,Mumbai,,,1459,0,0.86,0.469809493,0.352,Low,,,
EMP0193,Sangeeta Hegde,35,Female,Research & Development,Team Lead,12/02/22,232314,4,97.8,Not Promoted,Delhi,,,1602,0.75,0.974117647,0.51598321,0.77,High,,,
EMP0194,Divya Shah,30,Female,Research & Development,Coordinator,24/12/24,293438,2,72.5,Promoted,Hyderabad,,,556,0.25,0.676470588,0.178237004,0.364,Low,,,
EMP0195,Vijay Krishnan,39,Male,Logistics,Executive,08/08/22,232942,5,85.4,Not Promoted,Coimbatore,,,1425,1,0.828235294,0.458831127,0.84,High,,,
EMP0196,Sunita Bhatt,28,Male,Marketing,Analyst,25/08/24,95757,3,45,Not Promoted,Mumbai,,,677,0.5,0.352941176,0.217307071,0.399,Low,,,
EMP0197,Aditya Chopra,30,Female,Sales,Specialist,22/11/21,187630,4,97.9,Not Promoted,Hyderabad,,,1684,0.75,0.975294118,0.542460446,0.776,High,,,
EMP0198,Zara Iyer,25,Female,Customer Support,Associate,21/03/21,89985,1,71.3,Promoted,Chennai,,,1930,0,0.662352941,0.621892154,0.323,Low,,,
EMP0199,Nikhil Kapoor,33,Male,Marketing,Engineer,28/11/23,279874,3,68.5,Promoted,Ahmedabad,,,948,0.5,0.629411765,0.304811108,0.5,Medium,,,
EMP0200,Esha Rao,56,Male,Finance,Consultant,08/07/22,65158,2,84.2,Promoted,Ahmedabad,,,1456,0.25,0.814117647,0.468840814,0.463,Medium,,,
EMP0201,Ananya Joshi,50,Female,Research & Development,Team Lead,02/12/25,291418,5,89.4,Not Promoted,Kolkata,,,213,1,0.875294118,0.067484663,0.776,High,,,
EMP0202,Sanjay Banerjee,48,Male,Finance,Engineer,05/03/23,297917,5,90.3,Promoted,Kochi,,,1216,1,0.885882353,0.391346464,0.844,High,,,
EMP0203,Vishal Bose,43,Female,Administration,Engineer,14/04/21,142196,5,74.1,Not Promoted,Chennai,,,1906,1,0.695294118,0.614142719,0.831,High,,,
EMP0204,Nikhil Mishra,28,Female,Finance,Engineer,04/05/22,74140,2,73,Not Promoted,Kochi,,,1521,0.25,0.682352941,0.489828867,0.428,Low,,,
EMP0205,Lokesh Tiwari,23,Male,Administration,Analyst,03/08/19,102320,1,76.1,Promoted,Hyderabad,,,2526,0,0.718823529,0.814336455,0.379,Low,,,
EMP0206,Neha Malhotra,60,Female,Human Resources,Coordinator,03/04/24,160136,3,72.7,Promoted,Ahmedabad,,,821,0.5,0.678823529,0.263803681,0.506,Medium,,,
EMP0207,Geeta Joshi,57,Male,Marketing,Specialist,12/11/22,65843,4,81.5,Promoted,Hyderabad,,,1329,0.75,0.782352941,0.427833387,0.695,High,,,
EMP0208,Mohan Bhatt,39,Female,Research & Development,Manager,12/12/24,236601,3,74.7,Promoted,Chennai,,,568,0.5,0.702352941,0.182111721,0.497,Medium,,,
EMP0209,Vijay Mishra,24,Male,Human Resources,Analyst,29/01/23,125780,4,93.5,Not Promoted,Bengaluru,,,1251,0.75,0.923529412,0.402647724,0.733,High,,,
EMP0210,Ananya Reddy,27,Male,Administration,Specialist,24/11/24,999999,3,94.4,Not Promoted,Delhi,,,586,0.5,0.934117647,0.187923797,0.568,Medium,,,
EMP0211,Rohit Hegde,37,Female,Administration,Team Lead,14/06/18,51756,1,95,Not Promoted,Kolkata,,,2941,0,0.941176471,0.9483371,0.472,Medium,,,
EMP0212,Vikram Reddy,50,Male,Sales,Executive,05/02/24,57568,2,84.8,Not Promoted,Bengaluru,,,879,0.25,0.821176471,0.282531482,0.428,Low,,,
EMP0213,Vikram Jain,42,Female,Operations,Coordinator,23/04/19,91332,1,57.3,Promoted,Delhi,,,2628,0,0.497647059,0.847271553,0.319,Low,,,
EMP0214,Ananya Lal,58,Female,Operations,Supervisor,20/03/21,207433,5,83.3,Promoted,Ahmedabad,,,1931,1,0.803529412,0.622215047,0.866,High,,,
EMP0215,Harish Singh,46,Female,Information Technology,Analyst,18/09/25,93762,3,93,Promoted,Kolkata,,,288,0.5,0.917647059,0.091701647,0.544,Medium,,,
EMP0216,Amit Gandhi,26,Female,Customer Support,Coordinator,13/11/25,74197,2,82.7,Promoted,Bengaluru,,,232,0.25,0.796470588,0.073619632,0.379,Low,,,
EMP0217,Nisha Desai,18,Female,Sales,Associate,28/03/20,81868,5,97.6,Not Promoted,Delhi,,,2288,1,0.971764706,0.737487892,0.939,High,,,
EMP0218,Indira Malhotra,32,Female,Information Technology,Specialist,30/12/24,91953,4,77.8,Not Promoted,Chennai,,,550,0.75,0.738823529,0.176299645,0.632,Medium,,,
EMP0219,Arun Chopra,47,Male,Human Resources,Associate,29/06/21,137170,3,94.9,Promoted,Bengaluru,,,1830,0.5,0.94,0.589602841,0.65,High,,,
EMP0220,Geeta Rajan,38,Male,Customer Support,Engineer,04/06/18,69985,2,78.3,Not Promoted,Chennai,,,2951,0.25,0.744705882,0.951566032,0.539,Medium,,,
EMP0221,Shalini Sharma,25,Male,Operations,Specialist,14/02/18,230292,1,80.6,Not Promoted,Hyderabad,,,3061,0,0.771764706,0.987084275,0.429,Low,,,
EMP0222,Neha Bose,22,Male,Human Resources,Associate,05/02/25,90942,1,98.3,Not Promoted,Kolkata,,,513,0,0.98,0.164352599,0.327,Low,,,
EMP0223,Mohan Kapoor,33,Female,Information Technology,Analyst,30/04/23,999999,1,87.8,Promoted,Coimbatore,,,1160,0,0.856470588,0.373264449,0.332,Low,,,
EMP0224,Ramesh Jain,35,Male,Marketing,Supervisor,07/06/22,112634,3,77.9,Promoted,Pune,,,1487,0.5,0.74,0.4788505,0.568,Medium,,,
EMP0225,Deepa Patel,36,Female,Research & Development,Coordinator,28/05/25,23802,1,53.7,Not Promoted,Coimbatore,,,401,0,0.455294118,0.12818857,0.162,Low,,,
EMP0226,Kavya Pandey,49,Male,Marketing,Specialist,24/02/21,162596,1,58.7,Not Promoted,Kochi,,,1955,0,0.514117647,0.629964482,0.28,Low,,,
EMP1420,Rahul Lal,33,Male,Finance,Manager,26/07/25,127304,2,62.7,Not Promoted,Pune,,,342,0.25,0.561176471,0.109137875,0.315,Low,,,
EMP0924,Sanjay Krishnan,31,Female,Logistics,Manager,11/08/18,157262,4,70.7,Not Promoted,Bengaluru,,,2883,0.75,0.655294118,0.929609299,0.758,High,,,
EMP0229,Suresh Jain,33,Male,Operations,Coordinator,18/05/22,268748,3,52.1,Not Promoted,Hyderabad,,,1507,0.5,0.436470588,0.485308363,0.478,Medium,,,
EMP0230,Meera Mishra,44,Male,Sales,Consultant,18/04/23,162596,1,98,Not Promoted,Mumbai,,,1172,0,0.976470588,0.377139167,0.368,Low,,,
EMP0231,Nikhil Hegde,28,Male,Information Technology,Consultant,27/08/23,236396,1,96.4,Not Promoted,Bengaluru,,,1041,0,0.957647059,0.334840168,0.354,Low,,,
EMP0232,Indira Chauhan,42,Male,Research & Development,Analyst,10/10/23,176299,4,54.6,Not Promoted,Delhi,,,997,0.75,0.465882353,0.320632871,0.579,Medium,,,
EMP0233,Swati Verma,43,Female,Operations,Team Lead,06/03/21,55193,4,50.9,Not Promoted,Mumbai,,,1945,0.75,0.422352941,0.626735551,0.627,Medium,,,
EMP0234,Divya Naik,57,Female,Finance,Executive,07/05/18,222432,1,95.1,Promoted,Kochi,,,2979,0,0.942352941,0.960607039,0.475,Medium,,,
EMP0235,Vishal Menon,31,Male,Operations,Team Lead,11/03/26,280556,4,93.6,Promoted,Kolkata,,,114,0.75,0.924705882,0.035518243,0.66,High,,,
EMP0236,Priya Chopra,36,Male,Operations,Associate,14/09/19,82289,1,90.1,Not Promoted,Kochi,,,2484,0,0.883529412,0.800774943,0.425,Low,,,
EMP0237,Nikhil Shah,33,Female,Research & Development,Consultant,01/12/19,270051,5,89.9,Promoted,Coimbatore,,,2406,1,0.881176471,0.77558928,0.919,High,,,
EMP0238,Swati Naik,41,Female,Administration,Associate,29/11/23,21587,4,96.8,Not Promoted,Kolkata,,,947,0.75,0.962352941,0.304488214,0.725,High,,,
EMP0239,Deepa Singh,41,Male,Human Resources,Coordinator,09/01/26,142571,4,65,Not Promoted,Coimbatore,,,175,0.75,0.588235294,0.055214724,0.563,Medium,,,
EMP0240,Farhan Iyer,37,Male,Information Technology,Engineer,14/12/21,133221,3,69.3,Not Promoted,Pune,,,1662,0.5,0.638823529,0.535356797,0.549,Medium,,,
EMP0241,Sunita Malhotra,44,Male,Administration,Supervisor,20/07/21,168972,1,99.4,Not Promoted,Ahmedabad,,,1809,0,0.992941176,0.582822086,0.414,Low,,,
EMP0242,Farhan Mukherjee,45,Female,Information Technology,Analyst,05/04/26,5000000,3,79.5,Promoted,Kolkata,,,89,0.5,0.758823529,0.027445915,0.483,Medium,,,
EMP0243,Vishal Pillai,41,Female,Customer Support,Team Lead,02/04/26,178938,5,72.6,Promoted,Delhi,,,92,1,0.677647059,0.028414595,0.709,High,,,
EMP0244,Deepa Verma,28,Male,Sales,Executive,30/07/24,228400,4,95.4,Not Promoted,Kolkata,,,703,0.75,0.945882353,0.225702293,0.704,High,,,
EMP0245,Rohit Rajan,38,Female,Information Technology,Supervisor,28/06/23,270444,2,57.7,Promoted,Coimbatore,,,1101,0.25,0.502352941,0.354213755,0.347,Low,,,
EMP0246,Chirag Pillai,29,Male,Logistics,Supervisor,04/04/19,125798,5,88.4,Not Promoted,Pune,,,2647,1,0.863529412,0.853406522,0.93,High,,,
EMP0247,Harish Malhotra,48,Male,Human Resources,Executive,06/07/25,187528,5,86.6,Not Promoted,Mumbai,,,362,1,0.842352941,0.115595738,0.776,High,,,
EMP0248,Gitanjali Krishnan,48,Male,Logistics,Manager,20/09/21,242417,3,54.6,Not Promoted,Bengaluru,,,1747,0.5,0.465882353,0.562802712,0.502,Medium,,,
EMP0249,Farhan Iyer,48,Male,Logistics,Consultant,19/02/26,161894,3,97.2,Promoted,Bengaluru,,,134,0.5,0.967058824,0.041976106,0.549,Medium,,,
EMP0250,Rajan Gandhi,26,Male,Marketing,Engineer,01/08/22,229981,5,90.9,Not Promoted,Coimbatore,,,1432,1,0.892941176,0.461091379,0.86,High,,,
EMP0251,Gaurav Hegde,47,Male,Sales,Supervisor,13/06/22,292738,4,61.9,Not Promoted,Coimbatore,,,1480,0.75,0.551764706,0.476590249,0.636,Medium,,,
EMP0252,Harish Verma,50,Female,Administration,Executive,02/05/20,212126,1,69.1,Promoted,Ahmedabad,,,2253,0,0.636470588,0.726186632,0.336,Low,,,
EMP0253,Vinay Mishra,56,Female,Administration,Specialist,20/09/23,171753,2,58.6,Promoted,Bengaluru,,,1017,0.25,0.512941176,0.327090733,0.344,Low,,,
EMP0254,Arjun Mishra,21,Female,Logistics,Consultant,21/06/24,99110,3,93,Promoted,Bengaluru,,,742,0.5,0.917647059,0.238295124,0.573,Medium,,,
EMP0255,Zara Chauhan,29,Female,Operations,Engineer,11/07/19,292416,3,83.7,Not Promoted,Pune,,,2549,0.5,0.808235294,0.821762996,0.657,High,,,
EMP0256,Suresh Nair,45,Female,Human Resources,Supervisor,14/07/25,102070,4,85,Not Promoted,Chennai,,,354,0.75,0.823529412,0.113012593,0.645,High,,,
EMP0257,Pooja Sharma,53,Female,Finance,Team Lead,15/01/26,175573,2,72.2,Promoted,Kochi,,,169,0.25,0.672941176,0.053277365,0.338,Low,,,
EMP0258,Gitanjali Verma,45,Male,Human Resources,Specialist,20/05/18,123797,3,86.4,Promoted,Bengaluru,,,2966,0.5,0.84,0.956409428,0.693,High,,,
EMP0259,Priya Kapoor,28,Female,Information Technology,Analyst,23/12/24,285711,5,67.1,Promoted,Hyderabad,,,557,1,0.612941176,0.178559897,0.72,High,,,
EMP0260,Nisha Lal,58,Female,Customer Support,Team Lead,10/03/19,295245,2,79.7,Not Promoted,Hyderabad,,,2672,0.25,0.761176471,0.861478851,0.526,Medium,,,
EMP0261,Vinay Chatterjee,45,Female,Operations,Consultant,18/02/24,134165,1,89.6,Not Promoted,Delhi,,,866,0,0.877647059,0.278333871,0.319,Low,,,
EMP0262,Ramesh Kulkarni,41,Male,Human Resources,Consultant,06/02/26,288531,2,74.8,Not Promoted,Hyderabad,,,147,0.25,0.703529412,0.046173716,0.345,Low,,,
EMP0263,Aditya Pandey,23,Female,Research & Development,Coordinator,14/02/18,206833,5,93.1,Not Promoted,Ahmedabad,,,3061,1,0.918823529,0.987084275,0.973,High,,,
EMP0264,Tanvi Banerjee,41,Female,Information Technology,Coordinator,06/04/19,68998,5,52.5,Not Promoted,Ahmedabad,,,2645,1,0.441176471,0.852760736,0.803,High,,,
EMP0265,Gaurav Malhotra,57,Female,Human Resources,Analyst,27/07/20,147364,2,51.6,Not Promoted,Delhi,,,2167,0.25,0.430588235,0.698417824,0.394,Low,,,
EMP0266,Shalini Banerjee,49,Male,Marketing,Specialist,10/08/22,156845,3,73.5,Promoted,Kochi,,,1423,0.5,0.688235294,0.458185341,0.548,Medium,,,
EMP0267,Sunita Mukherjee,35,Female,Finance,Engineer,13/05/25,265124,3,98.7,Promoted,Pune,,,416,0.5,0.984705882,0.133031966,0.572,Medium,,,
EMP0268,Indira Chopra,40,Female,Sales,Supervisor,06/08/22,35824,2,70.5,Promoted,Bengaluru,,,1427,0.25,0.652941176,0.459476913,0.413,Low,,,
EMP0269,Lakshmi Bose,48,Female,Research & Development,Consultant,08/02/23,196874,3,74.4,Not Promoted,Chennai,,,1241,0.5,0.698823529,0.399418792,0.54,Medium,,,
EMP0270,Shalini Bhatt,22,Male,Research & Development,Associate,25/05/24,46547,3,78.4,Promoted,Chennai,,,769,0.5,0.745882353,0.247013239,0.523,Medium,,,
EMP0271,Manish Chatterjee,46,Male,Sales,Specialist,22/11/20,97790,1,92.3,Not Promoted,Mumbai,,,2049,0,0.909411765,0.660316435,0.405,Low,,,
EMP0272,Arjun Iyer,29,Female,Operations,Team Lead,24/08/24,282853,1,63.4,Promoted,Kolkata,,,678,0,0.569411765,0.217629964,0.214,Low,,,
EMP0273,Harish Chauhan,28,Male,Finance,Manager,15/03/18,183668,4,75.4,Promoted,Bengaluru,,,3032,0.75,0.710588235,0.977720375,0.784,High,,,
EMP0274,Priya Kumar,51,Female,Finance,Analyst,27/05/24,50438,3,74.8,Promoted,Pune,,,767,0.5,0.703529412,0.246367452,0.51,Medium,,,
EMP0275,Rajan Kulkarni,26,Male,Operations,Associate,13/06/22,46035,3,52,Not Promoted,Ahmedabad,,,1480,0.5,0.435294118,0.476590249,0.476,Medium,,,
EMP0276,Sunita Mukherjee,43,Female,Logistics,Team Lead,02/04/19,101319,5,83,Not Promoted,Kochi,,,2649,1,0.8,0.854052309,0.911,High,,,
EMP0277,Sachin Pandey,43,Female,Finance,Analyst,29/12/22,115579,2,72.4,Promoted,Kochi,,,1282,0.25,0.675294118,0.41265741,0.41,Low,,,
EMP0278,Seema Banerjee,56,Male,Information Technology,Supervisor,13/09/20,75352,3,71.6,Not Promoted,Coimbatore,,,2119,0.5,0.665882353,0.682918954,0.586,Medium,,,
EMP0279,Bhavna Agarwal,44,Male,Research & Development,Coordinator,27/01/26,109650,4,59.4,Not Promoted,Mumbai,,,157,0.75,0.522352941,0.049402648,0.542,Medium,,,
EMP0280,Vishal Mehta,30,Female,Human Resources,Specialist,11/04/26,157428,2,74.9,Not Promoted,Kochi,,,83,0.25,0.704705882,0.025508557,0.342,Low,,,
EMP0281,Ananya Chopra,46,Male,Logistics,Supervisor,13/06/22,200449,4,57.3,Not Promoted,Mumbai,,,1480,0.75,0.497647059,0.476590249,0.62,Medium,,,
EMP0282,Kavya Patel,44,Male,Operations,Team Lead,13/03/21,112411,5,72.8,Not Promoted,Pune,,,1938,1,0.68,0.624475299,0.829,High,,,
EMP0283,Indira Chatterjee,42,Male,Customer Support,Coordinator,20/12/20,68821,5,98.8,Promoted,Bengaluru,,,2021,1,0.985882353,0.651275428,0.926,High,,,
EMP0284,Radha Chatterjee,24,Female,Research & Development,Associate,24/10/23,216080,3,62.6,Promoted,Delhi,,,983,0.5,0.56,0.316112367,0.481,Medium,,,
EMP0285,Arjun Chopra,27,Male,Marketing,Team Lead,16/12/24,213530,5,73.6,Not Promoted,Pune,,,564,1,0.689411765,0.180820149,0.743,High,,,
EMP0286,Tanvi Kapoor,43,Female,Administration,Manager,05/01/25,162596,5,71.2,Not Promoted,Pune,,,544,1,0.661176471,0.174362286,0.733,High,,,
EMP0287,Neha Reddy,37,Female,Sales,Consultant,21/05/18,268881,3,78.2,Promoted,Kolkata,,,2965,0.5,0.743529412,0.956086535,0.664,High,,,
EMP0288,Neha Malhotra,32,Female,Human Resources,Specialist,12/03/20,121107,4,98.6,Promoted,Kochi,,,2304,0.75,0.983529412,0.742654181,0.819,High,,,
EMP0289,Sanjay Das,24,Female,Logistics,Engineer,17/02/22,55992,3,95.2,Promoted,Hyderabad,,,1597,0.5,0.943529412,0.514368744,0.636,Medium,,,
EMP0290,Pankaj Agarwal,41,Male,Research & Development,Executive,21/05/23,79683,1,52.1,Not Promoted,Ahmedabad,,,1139,0,0.436470588,0.366483694,0.204,Low,,,
EMP0291,Tanvi Desai,49,Female,Marketing,Coordinator,03/04/26,132755,4,80.5,Promoted,Kolkata,,,91,0.75,0.770588235,0.028091702,0.612,Medium,,,
EMP0292,Nisha Sharma,28,Female,Marketing,Supervisor,16/08/24,250892,5,70.3,Not Promoted,Chennai,,,686,1,0.650588235,0.220213109,0.739,High,,,
EMP0293,Lokesh Chatterjee,37,Male,Sales,Executive,03/11/20,211245,2,58.9,Not Promoted,Mumbai,,,2068,0.25,0.516470588,0.666451405,0.413,Low,,,
EMP0294,Komal Gandhi,57,Male,Administration,Team Lead,01/04/25,82915,5,88.5,Promoted,Kochi,,,458,1,0.864705882,0.146593478,0.789,High,,,
EMP0295,Sunita Yadav,37,Male,Marketing,Engineer,07/11/21,98480,1,58.6,Not Promoted,Kochi,,,1699,0,0.512941176,0.547303842,0.263,Low,,,
EMP0296,Rajan Pillai,40,Female,Human Resources,Supervisor,06/11/18,101840,4,69.4,Not Promoted,Bengaluru,,,2796,0.75,0.64,0.901517598,0.747,High,,,
EMP0297,Akash Chopra,60,Male,Research & Development,Engineer,08/07/20,272658,3,95.2,Promoted,Kochi,,,2186,0.5,0.943529412,0.704552793,0.674,High,,,
EMP0298,Rekha Banerjee,41,Female,Information Technology,Consultant,09/12/25,219533,2,74.8,Promoted,Mumbai,,,206,0.25,0.703529412,0.065224411,0.349,Low,,,
EMP1507,Amit Yadav,42,Male,Research & Development,Associate,11/09/23,148373,4,86.4,Not Promoted,Pune,,,1026,0.75,0.84,0.329996771,0.693,High,,,
EMP0300,Indira Yadav,35,Female,Finance,Specialist,01/11/19,262665,4,74.8,Promoted,Ahmedabad,,,2436,0.75,0.703529412,0.785276074,0.743,High,,,
EMP0301,Harish Gandhi,30,Female,Customer Support,Engineer,01/09/18,31834,2,79.3,Not Promoted,Kolkata,,,2862,0.25,0.756470588,0.922828544,0.537,Medium,,,
EMP0302,Neha Yadav,32,Male,Administration,Specialist,06/06/23,254838,2,98.4,Promoted,Hyderabad,,,1123,0.25,0.981176471,0.361317404,0.492,Medium,,,
EMP0303,Usha Mukherjee,51,Male,Information Technology,Specialist,03/12/19,194489,3,93.8,Not Promoted,Mumbai,,,2404,0.5,0.927058824,0.774943494,0.683,High,,,
EMP0304,Jai Sharma,60,Male,Research & Development,Coordinator,17/11/20,202991,3,76,Promoted,Kochi,,,2054,0.5,0.717647059,0.661930901,0.598,Medium,,,
EMP0305,Komal Chatterjee,21,Male,Finance,Consultant,12/12/25,188458,1,93.9,Not Promoted,Mumbai,,,203,0,0.928235294,0.064255731,0.291,Low,,,
EMP0306,Arun Malhotra,32,Male,Logistics,Specialist,23/04/23,108648,3,55.2,Not Promoted,Pune,,,1167,0.5,0.472941176,0.375524701,0.467,Medium,,,
EMP0307,Ramesh Mukherjee,52,Male,Sales,Analyst,09/01/22,255196,5,50.3,Not Promoted,Bengaluru,,,1636,1,0.415294118,0.526961576,0.73,High,,,
EMP0308,Madhuri Malhotra,46,Male,Sales,Manager,15/02/20,48026,1,73.7,Promoted,Bengaluru,,,2330,0,0.690588235,0.751049403,0.357,Low,,,
EMP0309,Amit Chauhan,25,Male,Customer Support,Associate,03/07/25,204268,3,68.1,Not Promoted,Pune,,,365,0.5,0.624705882,0.116564417,0.461,Medium,,,
EMP0310,Vijay Jain,36,Female,Customer Support,Coordinator,02/06/18,26270,3,81.6,Promoted,Bengaluru,,,2953,0.5,0.783529412,0.952211818,0.676,High,,,
EMP0311,Rekha Kulkarni,44,Female,Research & Development,Manager,27/10/25,267416,3,59.6,Not Promoted,Chennai,,,249,0.5,0.524705882,0.079108815,0.423,Low,,,
EMP0312,Lokesh Mukherjee,40,Male,Human Resources,Team Lead,14/04/23,51551,4,59.3,Not Promoted,Kolkata,,,1176,0.75,0.521176471,0.378430739,0.607,Medium,,,
EMP0313,Gitanjali Jain,27,Male,Research & Development,Specialist,08/11/20,211838,4,50.9,Promoted,Coimbatore,,,2063,0.75,0.422352941,0.664836939,0.635,Medium,,,
EMP0314,Nisha Bhatt,50,Female,Administration,Manager,24/05/22,63383,3,72.5,Promoted,Coimbatore,,,1501,0.5,0.676470588,0.483371004,0.55,Medium,,,
EMP0315,Bhavna Malhotra,28,Male,Logistics,Engineer,05/10/20,225262,5,74.8,Promoted,Bengaluru,,,2097,1,0.703529412,0.675815305,0.846,High,,,
EMP0316,Aarav Banerjee,37,Male,Finance,Manager,09/08/19,172390,4,86.3,Not Promoted,Delhi,,,2520,0.75,0.838823529,0.812399096,0.789,High,,,
EMP0659,Shalini Malhotra,59,Male,Information Technology,Manager,04/05/26,210417,2,51.2,Not Promoted,Bengaluru,,,60,0.25,0.425882353,0.018082015,0.256,Low,,,
EMP0318,Sanjay Kapoor,22,Female,Research & Development,Associate,19/09/20,227079,2,63.8,Promoted,Hyderabad,,,2113,0.25,0.574117647,0.680981595,0.433,Low,,,
EMP0319,Aarav Patel,29,Male,Administration,Specialist,10/07/20,217871,1,58.3,Not Promoted,Chennai,,,2184,0,0.509411765,0.703907007,0.294,Low,,,
EMP0320,Kavya Mehta,43,Male,Sales,Supervisor,19/02/25,264351,2,67.8,Not Promoted,Unknown,,,499,0.25,0.621176471,0.159832096,0.343,Low,,,
EMP0856,Jai Shah,25,Male,Operations,Associate,09/05/21,90630,4,74.8,Promoted,Pune,,,1881,0.75,0.703529412,0.606070391,0.707,High,,,
EMP0322,Mohan Hegde,40,Female,Marketing,Consultant,31/07/23,103949,4,66.7,Not Promoted,Ahmedabad,,,1068,0.75,0.608235294,0.343558282,0.626,Medium,,,
EMP0323,Madhuri Rao,60,Female,Sales,Executive,26/10/22,93238,2,64,Promoted,Kolkata,,,1346,0.25,0.576470588,0.43332257,0.385,Low,,,
EMP0324,Radha Singh,35,Male,Marketing,Team Lead,13/06/22,277740,5,81.4,Not Promoted,Hyderabad,,,1480,1,0.781176471,0.476590249,0.83,High,,,
EMP0325,Shreya Agarwal,49,Male,Finance,Supervisor,25/05/20,162596,2,99.9,Not Promoted,Mumbai,,,2230,0.25,0.998823529,0.71876009,0.568,Medium,,,
EMP0326,Vishal Agarwal,56,Female,Research & Development,Team Lead,21/01/25,209671,3,62.6,Not Promoted,Hyderabad,,,528,0.5,0.56,0.169195996,0.452,Low,,,
EMP0327,Neha Desai,47,Male,Marketing,Associate,21/05/19,66250,3,98,Not Promoted,Ahmedabad,,,2600,0.5,0.976470588,0.838230546,0.711,High,,,
EMP0328,Madhuri Singh,47,Male,Human Resources,Engineer,27/07/25,122948,1,74,Not Promoted,Delhi,,,341,0,0.694117647,0.108814982,0.23,Low,,,
EMP0329,Sangeeta Gupta,33,Male,Human Resources,Associate,26/03/18,132256,4,66,Promoted,Delhi,,,3021,0.75,0.6,0.97416855,0.75,High,,,
EMP0330,Amit Rao,40,Female,Operations,Coordinator,14/02/22,177094,1,94.5,Promoted,Kochi,,,1600,0,0.935294118,0.515337423,0.384,Low,,,
EMP0331,Chirag Kapoor,58,Female,Customer Support,Coordinator,01/09/19,255234,3,53,Not Promoted,Ahmedabad,,,2497,0.5,0.447058824,0.804972554,0.545,Medium,,,
EMP0332,Swati Pandey,40,Female,Marketing,Coordinator,21/10/21,273889,3,99.7,Not Promoted,Mumbai,,,1716,0.5,0.996470588,0.552793026,0.659,High,,,
EMP0333,Arun Mehta,45,Male,Sales,Coordinator,18/04/22,181349,2,62.1,Not Promoted,Coimbatore,,,1537,0.25,0.554117647,0.494995157,0.39,Low,,,
EMP0334,Gitanjali Yadav,46,Female,Information Technology,Executive,24/02/19,215701,1,83.8,Promoted,Mumbai,,,2686,0,0.809411765,0.865999354,0.416,Low,,,
EMP0694,Divya Reddy,25,Female,Sales,Team Lead,27/07/22,92872,5,88.7,Not Promoted,Kolkata,,,1437,1,0.867058824,0.462705844,0.853,High,,,
EMP0336,Ananya Iyer,45,Male,Operations,Specialist,23/06/23,299181,3,87.8,Promoted,Mumbai,,,1106,0.5,0.856470588,0.355828221,0.578,Medium,,,
EMP0337,Lakshmi Chatterjee,44,Male,Information Technology,Executive,21/04/21,119992,3,73.6,Not Promoted,Kochi,,,1899,0.5,0.689411765,0.611882467,0.579,Medium,,,
EMP0338,Vikram Kumar,52,Female,Logistics,Engineer,21/07/23,250431,2,93.3,Promoted,Pune,,,1078,0.25,0.921176471,0.346787213,0.471,Medium,,,
EMP0339,Vishal Malhotra,37,Female,Sales,Supervisor,05/08/24,219894,4,74.8,Promoted,Pune,,,697,0.75,0.703529412,0.223764934,0.631,Medium,,,
EMP0340,Vinay Verma,39,Female,Sales,Associate,02/08/23,5000000,5,86.9,Not Promoted,Mumbai,,,1066,1,0.845882353,0.342912496,0.822,High,,,
EMP0341,Lakshmi Kapoor,29,Male,Customer Support,Associate,12/02/24,138039,3,50.6,Promoted,Mumbai,,,872,0.5,0.418823529,0.28027123,0.432,Low,,,
EMP1330,Sangeeta Menon,52,Female,Logistics,Executive,16/12/21,162596,5,95.6,Not Promoted,Coimbatore,,,1660,1,0.948235294,0.534711011,0.891,High,,,
EMP0343,Mohan Banerjee,39,Male,Operations,Associate,12/02/23,235224,5,71.6,Not Promoted,Pune,,,1237,1,0.665882353,0.39812722,0.779,High,,,
EMP0344,Ananya Chatterjee,45,Male,Operations,Engineer,13/03/19,218348,5,86.2,Promoted,Delhi,,,2669,1,0.837647059,0.860510171,0.923,High,,,
EMP0345,Mohan Reddy,44,Female,Marketing,Manager,04/07/23,113664,3,71,Not Promoted,Coimbatore,,,1095,0.5,0.658823529,0.352276397,0.518,Medium,,,
EMP0346,Divya Krishnan,30,Male,Marketing,Manager,15/09/24,168290,5,81.3,Promoted,Coimbatore,,,656,1,0.78,0.210526316,0.776,High,,,
EMP0347,Aarav Chopra,30,Male,Marketing,Analyst,19/03/25,246767,3,89.2,Not Promoted,Chennai,,,471,0.5,0.872941176,0.150791088,0.542,Medium,,,
EMP0348,Shalini Rajan,58,Female,Human Resources,Team Lead,02/02/23,70740,3,97.8,Promoted,Mumbai,,,1247,0.5,0.974117647,0.401356151,0.623,Medium,,,
EMP0349,Arjun Sinha,57,Female,Human Resources,Associate,13/02/20,92447,3,65.5,Not Promoted,Hyderabad,,,2332,0.5,0.594117647,0.751695189,0.579,Medium,,,
EMP0350,Kiran Kumar,33,Male,Marketing,Associate,30/01/20,198541,3,61.7,Promoted,Pune,,,2346,0.5,0.549411765,0.756215693,0.566,Medium,,,
EMP0351,Priya Rao,22,Male,Information Technology,Consultant,03/04/20,159496,1,68.3,Not Promoted,Delhi,,,2282,0,0.627058824,0.735550533,0.335,Low,,,
EMP0352,Ananya Banerjee,41,Female,Human Resources,Manager,24/10/19,231929,3,52.5,Promoted,Mumbai,,,2444,0.5,0.441176471,0.787859219,0.54,Medium,,,
EMP0353,Divya Tiwari,52,Male,Sales,Engineer,03/09/23,196640,2,99.3,Not Promoted,Mumbai,,,1034,0.25,0.991764706,0.332579916,0.489,Medium,,,
EMP0354,Tanvi Kapoor,25,Male,Research & Development,Supervisor,05/05/24,277193,3,77.9,Promoted,Ahmedabad,,,789,0.5,0.74,0.253471101,0.523,Medium,,,
EMP0355,Kavya Banerjee,41,Female,Operations,Consultant,09/01/18,237820,5,66.3,Not Promoted,Kochi,,,3097,1,0.603529412,0.998708428,0.881,High,,,
EMP0356,Lokesh Patel,21,Female,Information Technology,Coordinator,30/03/21,162596,1,99.2,Not Promoted,Chennai,,,1921,0,0.990588235,0.618986116,0.421,Low,,,
EMP0357,Lakshmi Banerjee,44,Female,Sales,Supervisor,10/10/21,107469,2,54.7,Not Promoted,Coimbatore,,,1727,0.25,0.467058824,0.55634485,0.376,Low,,,
EMP0358,Aditya Rao,32,Female,Administration,Specialist,19/02/23,108952,5,98.8,Not Promoted,Hyderabad,,,1230,1,0.985882353,0.395866968,0.875,High,,,
EMP0359,Divya Lal,38,Female,Logistics,Manager,09/08/18,127418,3,83.5,Not Promoted,Ahmedabad,,,2885,0.5,0.805882353,0.930255086,0.678,High,,,
EMP1265,Pankaj Gupta,25,Female,Operations,Associate,18/05/22,183674,3,91,Not Promoted,Kolkata,,,1507,0.5,0.894117647,0.485308363,0.615,Medium,,,
EMP0361,Bhavna Krishnan,50,Male,Sales,Consultant,09/02/24,65317,3,69.3,Not Promoted,Kochi,,,875,0.5,0.638823529,0.28123991,0.498,Medium,,,
EMP0362,Esha Pillai,30,Male,Finance,Engineer,27/03/21,167868,1,63.7,Not Promoted,Hyderabad,,,1924,0,0.572941176,0.619954795,0.296,Low,,,
EMP0363,Anjali Mehta,45,Male,Customer Support,Supervisor,07/11/19,33123,1,87.5,Not Promoted,Hyderabad,,,2430,0,0.852941176,0.783338715,0.413,Low,,,
EMP0364,Ramesh Banerjee,59,Male,Information Technology,Specialist,05/11/22,211924,5,92.5,Not Promoted,Kochi,,,1336,1,0.911764706,0.430093639,0.86,High,,,
EMP0365,Sangeeta Tiwari,25,Female,Human Resources,Associate,28/06/24,207081,3,77.3,Not Promoted,Kochi,,,735,0.5,0.732941176,0.236034872,0.517,Medium,,,
EMP0366,Indira Shah,37,Female,Finance,Consultant,26/03/25,202505,1,96.8,Not Promoted,Delhi,,,464,0,0.962352941,0.148530836,0.318,Low,,,
EMP0367,Vijay Chatterjee,27,Male,Human Resources,Associate,15/08/24,171735,3,82.7,Promoted,Chennai,,,687,0.5,0.796470588,0.220536003,0.533,Medium,,,
EMP0368,Shivam Malhotra,49,Female,Customer Support,Supervisor,20/07/22,172297,5,77,Not Promoted,Pune,,,1444,1,0.729411765,0.464966096,0.812,High,,,
EMP0370,Madhuri Chopra,48,Male,Administration,Associate,01/02/24,273105,5,53.5,Not Promoted,Mumbai,,,883,1,0.452941176,0.283823055,0.693,High,,,
EMP0371,Pooja Das,54,Female,Research & Development,Manager,09/08/18,266673,2,68.2,Promoted,Coimbatore,,,2885,0.25,0.625882353,0.930255086,0.499,Medium,,,
EMP0372,Gitanjali Bose,42,Male,Information Technology,Executive,16/07/18,79802,3,89.8,Not Promoted,Delhi,,,2909,0.5,0.88,0.938004521,0.702,High,,,
EMP0373,Esha Sinha,34,Female,Information Technology,Coordinator,07/07/18,295279,3,84.8,Promoted,Bengaluru,,,2918,0.5,0.821176471,0.940910559,0.685,High,,,
EMP0374,Neha Tiwari,46,Female,Logistics,Manager,29/10/19,67025,2,54.6,Promoted,Ahmedabad,,,2439,0.25,0.465882353,0.786244753,0.422,Low,,,
EMP0375,Shivam Pandey,41,Male,Information Technology,Coordinator,10/11/18,127621,3,99.3,Not Promoted,Coimbatore,,,2792,0.5,0.991764706,0.900226025,0.728,High,,,
EMP0376,Nikhil Patel,40,Male,Logistics,Supervisor,26/05/18,100,4,71.7,Promoted,Bengaluru,,,2960,0.75,0.667058824,0.95447207,0.766,High,,,
EMP0377,Rekha Mishra,60,Male,Logistics,Team Lead,16/06/20,170251,2,59.6,Not Promoted,Pune,,,2208,0.25,0.524705882,0.711656442,0.425,Low,,,
EMP0378,Anjali Verma,58,Female,Administration,Engineer,25/12/25,170860,2,60.4,Not Promoted,Kochi,,,190,0.25,0.534117647,0.060058121,0.297,Low,,,
EMP0379,Deepa Nair,26,Female,Administration,Team Lead,02/03/19,65330,4,76.5,Not Promoted,Chennai,,,2680,0.75,0.723529412,0.864061995,0.765,High,,,
EMP0380,Kavya Tiwari,27,Male,Operations,Associate,18/08/19,94908,2,95.3,Not Promoted,Bengaluru,,,2511,0.25,0.944705882,0.809493058,0.57,Medium,,,
EMP0381,Zara Banerjee,55,Male,Logistics,Executive,12/10/23,65891,3,61.7,Promoted,Delhi,,,995,0.5,0.549411765,0.319987084,0.479,Medium,,,
EMP0382,Deepa Patel,31,Female,Information Technology,Coordinator,14/01/25,78688,5,54.2,Not Promoted,Mumbai,,,535,1,0.461176471,0.171456248,0.673,High,,,
EMP0383,Usha Yadav,41,Male,Marketing,Associate,29/04/20,225158,2,58.9,Promoted,Hyderabad,,,2256,0.25,0.516470588,0.727155312,0.425,Low,,,
EMP0384,Deepak Lal,21,Female,Research & Development,Analyst,23/11/24,22545,3,52.6,Not Promoted,Kochi,,,587,0.5,0.442352941,0.18824669,0.42,Low,,,
EMP0385,Lokesh Malhotra,29,Male,Logistics,Supervisor,05/05/24,131962,3,52.9,Promoted,Kolkata,,,789,0.5,0.445882353,0.253471101,0.434,Low,,,
EMP0386,Harish Kulkarni,58,Male,Research & Development,Specialist,30/01/22,272049,3,77,Not Promoted,Delhi,,,1615,0.5,0.729411765,0.52018082,0.573,Medium,,,
EMP0387,Sunita Mehta,45,Female,Finance,Coordinator,21/10/25,157348,3,59.6,Not Promoted,Mumbai,,,255,0.5,0.524705882,0.081046174,0.424,Low,,,
EMP0388,Komal Banerjee,54,Male,Information Technology,Manager,09/03/18,166268,3,84.3,Promoted,Ahmedabad,,,3038,0.5,0.815294118,0.979657733,0.691,High,,,
EMP0389,Hemant Gandhi,27,Male,Research & Development,Manager,21/02/24,264823,3,62.1,Promoted,Coimbatore,,,863,0.5,0.554117647,0.277365192,0.472,Medium,,,
EMP0390,Usha Tiwari,49,Female,Logistics,Manager,10/12/23,170536,3,68,Promoted,Hyderabad,,,936,0.5,0.623529412,0.30093639,0.497,Medium,,,
EMP0391,Nisha Lal,40,Male,Information Technology,Coordinator,19/03/26,266161,2,59.1,Promoted,Kolkata,,,106,0.25,0.518823529,0.032935098,0.287,Low,,,
EMP0392,Mohan Sinha,48,Female,Administration,Engineer,21/01/19,205316,1,88.3,Promoted,Mumbai,,,2720,0,0.862352941,0.87697772,0.434,Low,,,
EMP0393,Meera Menon,26,Female,Human Resources,Team Lead,01/02/20,171414,2,69.7,Not Promoted,Delhi,,,2344,0.25,0.643529412,0.755569906,0.469,Medium,,,
EMP0394,Meera Iyer,65,Female,Marketing,Analyst,22/03/24,294371,1,74.8,Not Promoted,Delhi,,,833,0,0.703529412,0.267678398,0.265,Low,,,
EMP0395,Usha Chauhan,48,Male,Marketing,Analyst,12/07/20,203087,5,55,Not Promoted,Coimbatore,,,2182,1,0.470588235,0.703261221,0.782,High,,,
EMP0589,Tanvi Shah,58,Female,Operations,Consultant,11/09/22,260758,3,91.5,Not Promoted,Coimbatore,,,1391,0.5,0.9,0.447852761,0.61,Medium,,,
EMP0397,Seema Mukherjee,21,Male,Administration,Analyst,25/12/22,184508,2,66.4,Promoted,Kochi,,,1286,0.25,0.604705882,0.413948983,0.389,Low,,,
EMP0398,Shreya Mishra,44,Female,Finance,Associate,17/02/24,192311,5,96.8,Not Promoted,Chennai,,,867,1,0.962352941,0.278656765,0.844,High,,,
EMP0399,Indira Menon,34,Female,Operations,Associate,14/09/22,94084,3,73,Not Promoted,Hyderabad,,,1388,0.5,0.682352941,0.446884081,0.544,Medium,,,
EMP0400,Harish Gupta,51,Female,Research & Development,Coordinator,25/10/19,210895,1,100,Promoted,Delhi,,,2443,0,1,0.787536325,0.458,Medium,,,
EMP0401,Vishal Yadav,55,Male,Marketing,Consultant,17/11/23,73152,4,65.4,Not Promoted,Coimbatore,,,959,0.75,0.592941176,0.308362932,0.615,Medium,,,
EMP0402,Madhuri Rajan,27,Male,Marketing,Associate,27/06/22,289171,1,71.7,Not Promoted,Bengaluru,,,1467,0,0.667058824,0.472392638,0.295,Low,,,
EMP0403,Rekha Pandey,32,Female,Administration,Associate,13/10/23,195669,2,80,Not Promoted,Kochi,,,994,0.25,0.764705882,0.319664191,0.418,Low,,,
EMP0404,Aarav Rao,38,Female,Sales,Analyst,03/11/25,273335,4,57.7,Not Promoted,Coimbatore,,,242,0.75,0.502352941,0.076848563,0.541,Medium,,,
EMP0405,Lakshmi Rajan,38,Male,Research & Development,Associate,12/07/18,95238,3,62.8,Not Promoted,Delhi,,,2913,0.5,0.562352941,0.939296093,0.607,Medium,,,
EMP0406,Ramesh Chauhan,43,Male,Marketing,Associate,15/06/19,97896,3,52.3,Not Promoted,Delhi,,,2575,0.5,0.438823529,0.830158218,0.548,Medium,,,
EMP0407,Harish Desai,22,Male,Marketing,Analyst,07/07/25,163203,2,91.3,Not Promoted,Delhi,,,361,0.25,0.897647059,0.115272845,0.417,Low,,,
EMP0408,Shivam Rajan,51,Female,Operations,Team Lead,10/03/20,266981,3,77.3,Not Promoted,Kochi,,,2306,0.5,0.732941176,0.743299968,0.619,Medium,,,
EMP0409,Sanjay Reddy,45,Female,Operations,Executive,11/06/18,70054,5,70.9,Not Promoted,Chennai,,,2944,1,0.657647059,0.94930578,0.887,High,,,
EMP0411,Rohit Pandey,37,Female,Operations,Analyst,08/06/25,257130,3,81.9,Not Promoted,Kochi,,,390,0.5,0.787058824,0.124636745,0.511,Medium,,,
EMP0412,Vijay Reddy,35,Female,Marketing,Team Lead,22/06/25,74671,5,53.8,Not Promoted,Unknown,,,376,1,0.456470588,0.120116242,0.661,High,,,
EMP0413,Arun Patel,22,Male,Research & Development,Associate,21/07/23,218311,3,91.8,Not Promoted,Mumbai,,,1078,0.5,0.903529412,0.346787213,0.59,Medium,,,
EMP0414,Indira Das,33,Male,Customer Support,Coordinator,03/06/19,247232,5,71.4,Promoted,Mumbai,,,2587,1,0.663529412,0.834032935,0.866,High,,,
EMP0415,Gaurav Kapoor,30,Female,Logistics,Analyst,21/08/23,196890,2,65,Not Promoted,Chennai,,,1047,0.25,0.588235294,0.336777527,0.369,Low,,,
EMP0416,Harish Menon,38,Male,Marketing,Team Lead,09/09/22,34431,2,74.8,Not Promoted,Kochi,,,1393,0.25,0.703529412,0.448498547,0.426,Low,,,
EMP0417,Akash Kapoor,48,Female,Administration,Specialist,29/08/24,26721,2,83.6,Not Promoted,Ahmedabad,,,673,0.25,0.807058824,0.216015499,0.41,Low,,,
EMP0418,Esha Lal,44,Unknown,Research & Development,Specialist,20/12/22,48619,3,75.5,Promoted,Mumbai,,,1291,0.5,0.711764706,0.415563448,0.547,Medium,,,
EMP0419,Harish Lal,30,Male,Information Technology,Consultant,05/11/23,132155,5,82.2,Promoted,Delhi,,,971,1,0.790588235,0.312237649,0.8,High,,,
EMP0420,Shalini Agarwal,29,Male,Customer Support,Consultant,22/09/19,117513,3,90.4,Promoted,Mumbai,,,2476,0.5,0.887058824,0.798191799,0.676,High,,,
EMP0421,Rajan Banerjee,51,Female,Finance,Analyst,14/03/26,38724,2,94.7,Promoted,Pune,,,111,0.25,0.937647059,0.034549564,0.413,Low,,,
EMP0422,Seema Mukherjee,35,Male,Operations,Supervisor,31/08/19,203632,2,51.4,Not Promoted,Pune,,,2498,0.25,0.428235294,0.805295447,0.415,Low,,,
EMP0423,Anjali Patel,42,Male,Research & Development,Manager,21/06/20,43998,4,62.3,Promoted,Hyderabad,,,2203,0.75,0.556470588,0.710041976,0.684,High,,,
EMP0424,Komal Patel,30,Female,Research & Development,Coordinator,11/02/25,210784,4,79.6,Not Promoted,Kochi,,,507,0.75,0.76,0.162415241,0.635,Medium,,,
EMP0425,Shivam Rajan,39,Male,Administration,Supervisor,21/04/21,169180,2,63.5,Promoted,Delhi,,,1899,0.25,0.570588235,0.611882467,0.419,Low,,,
EMP0426,Swati Pandey,42,Female,Sales,Associate,15/02/19,34651,2,59.2,Promoted,Pune,,,2695,0.25,0.52,0.868905392,0.455,Medium,,,
EMP0427,Tanvi Mehta,34,Male,Logistics,Coordinator,13/12/21,162596,2,74.8,Promoted,Kolkata,,,1663,0.25,0.703529412,0.53567969,0.443,Low,,,
EMP0428,Nikhil Verma,60,Female,Operations,Executive,02/12/21,185591,5,54.5,Promoted,Coimbatore,,,1674,1,0.464705882,0.539231514,0.747,High,,,
EMP0429,Komal Reddy,53,Female,Information Technology,Executive,16/10/22,227552,2,64.8,Not Promoted,Mumbai,,,1356,0.25,0.585882353,0.436551501,0.388,Low,,,
EMP0430,Sanjay Chopra,51,Male,Research & Development,Supervisor,15/01/19,73161,1,51.6,Not Promoted,Chennai,,,2726,0,0.430588235,0.878915079,0.305,Low,,,
EMP0431,Shreya Desai,54,Female,Finance,Team Lead,08/10/22,179168,4,66.8,Promoted,Hyderabad,,,1364,0.75,0.609411765,0.439134646,0.646,High,,,
EMP0432,Chirag Verma,25,Unknown,Finance,Consultant,06/12/20,103046,4,61.6,Not Promoted,Coimbatore,,,2035,0.75,0.548235294,0.655795932,0.671,High,,,
EMP0433,Ananya Kumar,44,Female,Operations,Consultant,09/02/25,64600,2,82,Promoted,Pune,,,509,0.25,0.788235294,0.163061027,0.394,Low,,,
EMP0434,Rajan Lal,49,Female,Logistics,Engineer,19/08/25,230950,2,66.2,Not Promoted,Ahmedabad,,,318,0.25,0.602352941,0.10138844,0.326,Low,,,
EMP0435,Deepa Desai,53,Male,Unknown,Supervisor,14/12/22,142369,4,57,Not Promoted,Chennai,,,1297,0.75,0.494117647,0.417500807,0.607,Medium,,,
EMP0436,Usha Pandey,46,Male,Finance,Associate,12/12/22,144722,5,79,Not Promoted,Coimbatore,,,1299,1,0.752941176,0.418146593,0.81,High,,,
EMP0437,Vinay Shah,37,Male,Information Technology,Coordinator,31/12/25,295258,5,92.8,Not Promoted,Pune,,,184,1,0.915294118,0.058120762,0.786,High,,,
EMP0438,Meera Tiwari,41,Male,Marketing,Analyst,12/04/18,261440,5,86.9,Not Promoted,Hyderabad,,,3004,1,0.845882353,0.968679367,0.948,High,,,
EMP0439,Shalini Mehta,22,Female,Research & Development,Analyst,07/02/21,226122,5,81.9,Not Promoted,Chennai,,,1972,1,0.787058824,0.635453665,0.863,High,,,
EMP0440,Lakshmi Sharma,57,Female,Logistics,Manager,14/06/22,217893,1,63.9,Promoted,Bengaluru,,,1480,0,0.575294118,0.476590249,0.268,Low,,,
EMP0441,Indira Verma,41,Female,Logistics,Supervisor,11/12/19,211006,1,73.8,Not Promoted,Coimbatore,,,2396,0,0.691764706,0.772360349,0.362,Low,,,
EMP0442,Aditya Iyer,60,Male,Operations,Associate,16/07/25,264191,2,92.2,Not Promoted,Chennai,,,352,0.25,0.908235294,0.112366807,0.42,Low,,,
EMP0443,Vinay Verma,31,Male,Sales,Team Lead,13/06/22,172484,5,83.4,Not Promoted,Delhi,,,1480,1,0.804705882,0.476590249,0.837,High,,,
EMP0444,Akash Kapoor,34,Male,Finance,Specialist,26/02/24,274209,3,92.6,Promoted,Delhi,,,858,0.5,0.912941176,0.275750727,0.579,Medium,,,
EMP0445,Hemant Jain,38,Female,Information Technology,Specialist,25/12/22,102580,5,93.7,Not Promoted,Chennai,,,1286,1,0.925882353,0.413948983,0.861,High,,,
EMP1502,Aarav Mukherjee,26,Male,Information Technology,Consultant,22/03/21,245195,1,51.4,Not Promoted,Hyderabad,,,1929,0,0.428235294,0.621569261,0.253,Low,,,
EMP0447,Kavya Mehta,41,Female,Human Resources,Consultant,31/01/21,284711,3,68.6,Promoted,Mumbai,,,1979,0.5,0.630588235,0.637713917,0.567,Medium,,,
EMP0448,Sanjay Chopra,41,Male,Finance,Associate,13/06/22,121815,1,52.8,Not Promoted,Chennai,,,1480,0,0.444705882,0.476590249,0.229,Low,,,
EMP0449,Deepak Pandey,41,Female,Sales,Engineer,03/04/23,83401,1,74.4,Not Promoted,Pune,,,1187,0,0.698823529,0.381982564,0.286,Low,,,
EMP0450,Nikhil Sharma,40,Male,Logistics,Team Lead,23/05/20,93613,2,96.3,Promoted,Pune,,,2232,0.25,0.956470588,0.719405877,0.556,Medium,,,
EMP0451,Sangeeta Krishnan,27,Male,Information Technology,Associate,23/08/24,286368,3,78.7,Promoted,Pune,,,679,0.5,0.749411765,0.217952858,0.518,Medium,,,
EMP0452,Aditya Banerjee,52,Female,Sales,Consultant,21/09/24,51758,2,67.2,Not Promoted,Kochi,,,650,0.25,0.614117647,0.208588957,0.351,Low,,,
EMP0453,Sunita Das,35,Male,Unknown,Supervisor,13/06/22,227991,2,80.6,Not Promoted,Coimbatore,,,1480,0.25,0.771764706,0.476590249,0.452,Low,,,
EMP0454,Zara Bhatt,47,Unknown,Operations,Consultant,31/01/18,194143,4,68.2,Not Promoted,Delhi,,,3075,0.75,0.625882353,0.991604779,0.761,High,,,
EMP0455,Nisha Gupta,53,Female,Sales,Manager,07/10/20,233711,1,51.3,Not Promoted,Kolkata,,,2095,0,0.427058824,0.675169519,0.263,Low,,,
EMP0456,Tanvi Jain,56,Male,Logistics,Team Lead,26/07/21,145661,3,82.1,Promoted,Kolkata,,,1803,0.5,0.789411765,0.580884727,0.603,Medium,,,
EMP0457,Mohan Joshi,39,Female,Logistics,Supervisor,10/03/23,147678,2,92.5,Not Promoted,Unknown,,,1211,0.25,0.911764706,0.389731999,0.476,Medium,,,
EMP0458,Vinay Tiwari,29,Female,Customer Support,Coordinator,24/02/19,35361,1,95,Not Promoted,Kolkata,,,2686,0,0.941176471,0.865999354,0.456,Medium,,,
EMP0459,Zara Reddy,46,Male,Information Technology,Team Lead,07/08/23,273515,3,51.7,Promoted,Delhi,,,1061,0.5,0.431764706,0.34129803,0.448,Low,,,
EMP0460,Anjali Sharma,50,Female,Customer Support,Coordinator,11/06/26,135226,4,67.4,Not Promoted,Bengaluru,,,22,0.75,0.616470588,0.005812076,0.561,Medium,,,
EMP0461,Pankaj Das,50,Male,Administration,Engineer,03/04/21,129472,2,96.5,Promoted,Pune,,,1917,0.25,0.958823529,0.617694543,0.536,Medium,,,
EMP0462,Usha Menon,43,Male,Human Resources,Specialist,12/06/18,200863,2,57,Promoted,Hyderabad,,,2943,0.25,0.494117647,0.948982887,0.463,Medium,,,
EMP0463,Shreya Mehta,33,Female,Customer Support,Consultant,31/12/21,163498,1,73.9,Not Promoted,Ahmedabad,,,1645,0,0.692941176,0.529867614,0.314,Low,,,
EMP0464,Shivam Rajan,53,Female,Customer Support,Manager,22/04/25,42191,4,75.1,Not Promoted,Bengaluru,,,437,0.75,0.707058824,0.139812722,0.615,Medium,,,
EMP0465,Rahul Chopra,52,Male,Operations,Analyst,13/06/22,76106,2,69,Promoted,Chennai,,,1480,0.25,0.635294118,0.476590249,0.411,Low,,,
EMP0466,Farhan Pandey,27,Female,Logistics,Analyst,08/05/21,100333,2,72.8,Not Promoted,Delhi,,,1882,0.25,0.68,0.606393284,0.45,Low,,,
EMP0467,Vinay Kulkarni,45,Female,Operations,Coordinator,16/08/25,66971,3,53.8,Not Promoted,Kolkata,,,321,0.5,0.456470588,0.10235712,0.407,Low,,,
EMP0468,Arun Desai,21,Female,Marketing,Executive,04/12/18,151479,3,72.9,Not Promoted,Ahmedabad,,,2768,0.5,0.681176471,0.89247659,0.633,Medium,,,
EMP0469,Shalini Jain,46,Female,Sales,Specialist,06/05/25,42598,4,98.3,Not Promoted,Bengaluru,,,423,0.75,0.98,0.135292218,0.696,High,,,
EMP0470,Aditya Pandey,54,Male,Sales,Analyst,09/08/20,184766,5,98.9,Not Promoted,Ahmedabad,,,2154,1,0.987058824,0.694220213,0.935,High,,,
EMP0471,Vishal Rajan,44,Female,Sales,Supervisor,01/02/20,268076,2,98.3,Not Promoted,Pune,,,2344,0.25,0.98,0.755569906,0.57,Medium,,,
EMP0472,Hemant Pandey,38,Male,Research & Development,Specialist,11/02/21,53866,4,61.5,Not Promoted,Kolkata,,,1968,0.75,0.547058824,0.634162092,0.666,High,,,
EMP0473,Akash Chauhan,46,Male,Sales,Supervisor,31/10/22,99757,5,73.4,Promoted,Coimbatore,,,1341,1,0.687058824,0.431708105,0.792,High,,,
EMP0474,Shalini Kulkarni,38,Male,Operations,Engineer,01/10/18,165854,4,77.9,Not Promoted,Bengaluru,,,2832,0.75,0.74,0.91314175,0.78,High,,,
EMP0475,Nikhil Jain,27,Male,Administration,Team Lead,12/11/20,280825,5,67.7,Not Promoted,Delhi,,,2059,1,0.62,0.663545366,0.819,High,,,
EMP0476,Rajan Kumar,21,Female,Sales,Consultant,30/08/25,292155,4,60.3,Not Promoted,Bengaluru,,,307,0.75,0.532941176,0.097836616,0.554,Medium,,,
EMP0477,Rahul Shah,22,Male,Marketing,Engineer,15/05/20,109503,2,84.2,Promoted,Mumbai,,,2240,0.25,0.814117647,0.721989022,0.514,Medium,,,
EMP0478,Gitanjali Agarwal,60,Male,Finance,Specialist,22/10/25,256619,1,83,Promoted,Kochi,,,254,0,0.8,0.080723281,0.256,Low,,,
EMP0479,Shalini Bose,26,Male,Administration,Team Lead,18/04/22,121870,5,83.1,Promoted,Mumbai,,,1537,1,0.801176471,0.494995157,0.839,High,,,
EMP0480,Radha Hegde,54,Male,Customer Support,Team Lead,26/05/24,98471,5,74.8,Promoted,Bengaluru,,,768,1,0.703529412,0.246690345,0.76,High,,,
EMP0481,Deepak Desai,58,Female,Marketing,Supervisor,18/08/24,118344,1,72.8,Not Promoted,Delhi,,,684,0,0.68,0.219567323,0.248,Low,,,
EMP0482,Rajan Kapoor,28,Male,Information Technology,Supervisor,14/03/19,45657,3,72.5,Not Promoted,Chennai,,,2668,0.5,0.676470588,0.860187278,0.625,Medium,,,
EMP0483,Ananya Gandhi,59,Female,Operations,Coordinator,16/09/24,272000,5,91.5,Promoted,Delhi,,,655,1,0.9,0.210203423,0.812,High,,,
EMP0484,Nisha Patel,41,Male,Logistics,Supervisor,02/06/18,53418,4,61.4,Promoted,Mumbai,,,2953,0.75,0.545882353,0.952211818,0.729,High,,,
EMP0485,Anjali Lal,30,Female,Marketing,Coordinator,11/06/21,139359,3,66.8,Not Promoted,Bengaluru,,,1848,0.5,0.609411765,0.595414918,0.552,Medium,,,
EMP0486,Manish Patel,58,Male,Logistics,Analyst,20/04/25,252139,2,76.8,Not Promoted,Kolkata,,,439,0.25,0.727058824,0.140458508,0.371,Low,,,
EMP0487,Vinay Mukherjee,43,Female,Administration,Consultant,16/10/22,165430,5,99.1,Not Promoted,Kochi,,,1356,1,0.989411765,0.436551501,0.884,High,,,
EMP0488,Hemant Hegde,32,Female,Operations,Team Lead,06/09/23,224592,4,60.2,Not Promoted,Mumbai,,,1031,0.75,0.531764706,0.331611237,0.601,Medium,,,
EMP0489,Sunita Kulkarni,26,Male,Logistics,Consultant,10/06/22,23940,2,57,Promoted,Kochi,,,1484,0.25,0.494117647,0.477881821,0.369,Low,,,
EMP0490,Deepa Chatterjee,51,Female,Marketing,Specialist,11/08/21,170301,1,71.6,Not Promoted,Delhi,,,1787,0,0.665882353,0.575718437,0.315,Low,,,
EMP0491,Deepak Rao,25,Male,Human Resources,Coordinator,01/08/21,125438,5,86.1,Not Promoted,Mumbai,,,1797,1,0.836470588,0.578947368,0.867,High,,,
EMP0492,Jai Menon,25,Male,Customer Support,Coordinator,17/03/22,226254,3,59.6,Not Promoted,Chennai,,,1569,0.5,0.524705882,0.505327737,0.508,Medium,,,
EMP0493,Akash Gandhi,41,Male,Customer Support,Supervisor,08/02/21,283334,5,53.6,Promoted,Delhi,,,1971,1,0.454117647,0.635130772,0.763,High,,,
EMP0494,Sangeeta Verma,58,Female,Human Resources,Analyst,06/09/20,173444,2,80.6,Not Promoted,Ahmedabad,,,2126,0.25,0.771764706,0.685179206,0.494,Medium,,,
EMP0495,Ananya Jain,54,Female,Operations,Consultant,03/11/23,226083,3,74.8,Not Promoted,Coimbatore,,,973,0.5,0.703529412,0.312883436,0.524,Medium,,,
EMP0496,Geeta Pillai,24,Female,Customer Support,Engineer,22/11/24,72629,2,94.9,Promoted,Coimbatore,,,588,0.25,0.94,0.188569583,0.445,Low,,,
EMP0497,Meera Krishnan,58,Female,Administration,Manager,23/11/22,162596,3,70.5,Promoted,Pune,,,1318,0.5,0.652941176,0.424281563,0.531,Medium,,,
EMP0498,Komal Iyer,50,Female,Marketing,Consultant,28/01/22,1500000,2,72.8,Not Promoted,Kolkata,,,1617,0.25,0.68,0.520826606,0.433,Low,,,
EMP0499,Hemant Lal,44,Male,Operations,Engineer,30/09/21,174942,1,92.8,Not Promoted,Delhi,,,1737,0,0.915294118,0.559573781,0.387,Low,,,
EMP0500,Priya Pillai,42,Male,Information Technology,Specialist,26/07/22,82520,4,94.2,Not Promoted,Bengaluru,,,1438,0.75,0.931764706,0.463028737,0.747,High,,,
EMP0501,Sunita Das,21,Male,Information Technology,Coordinator,01/10/20,271703,1,82.6,Promoted,Kochi,,,2101,0,0.795294118,0.677106878,0.374,Low,,,
EMP0502,Sangeeta Tiwari,41,Female,Logistics,Team Lead,02/01/19,254832,3,58.1,Not Promoted,Kochi,,,2739,0.5,0.507058824,0.88311269,0.579,Medium,,,
EMP0503,Arun Chauhan,39,Female,Customer Support,Engineer,22/12/21,107198,2,83.1,Not Promoted,Bengaluru,,,1654,0.25,0.801176471,0.532773652,0.472,Medium,,,
EMP0504,Rohit Chopra,57,Male,Operations,Supervisor,01/02/26,75836,5,53.4,Promoted,Kochi,,,152,1,0.451764706,0.047788182,0.645,High,,,
EMP0505,Bhavna Agarwal,21,Female,Research & Development,Engineer,13/06/22,184376,5,67.2,Promoted,Ahmedabad,,,1480,1,0.614117647,0.476590249,0.78,High,,,
EMP0506,Deepak Tiwari,29,Male,Marketing,Executive,17/12/24,31788,3,80.2,Not Promoted,Delhi,,,563,0.5,0.767058824,0.180497255,0.516,Medium,,,
EMP0507,Usha Pandey,39,Male,Operations,Executive,03/05/20,81610,3,59.3,Not Promoted,Bengaluru,,,2252,0.5,0.521176471,0.725863739,0.552,Medium,,,
EMP0508,Vinay Agarwal,37,Unknown,Operations,Associate,30/05/23,271857,3,74.8,Promoted,Ahmedabad,,,1130,0.5,0.703529412,0.363577656,0.534,Medium,,,
EMP0509,Suresh Kulkarni,21,Female,Human Resources,Team Lead,04/11/23,166933,1,77.5,Not Promoted,Bengaluru,,,972,0,0.735294118,0.312560542,0.283,Low,,,
EMP0510,Tanvi Malhotra,57,Male,Marketing,Analyst,17/12/23,89375,4,74.5,Promoted,Coimbatore,,,929,0.75,0.7,0.298676138,0.645,High,,,
EMP0511,Vijay Sinha,52,Male,Information Technology,Team Lead,10/12/23,197886,1,93.6,Not Promoted,Bengaluru,,,936,0,0.924705882,0.30093639,0.338,Low,,,
EMP0512,Arjun Krishnan,49,Male,Operations,Associate,10/09/21,129178,4,88,Promoted,Kolkata,,,1757,0.75,0.858823529,0.566031644,0.746,High,,,
EMP0513,Kavya Mukherjee,60,Female,Logistics,Supervisor,19/07/24,294051,1,65.3,Promoted,Kochi,,,714,0,0.591764706,0.229254117,0.223,Low,,,
EMP0514,Sanjay Shah,56,Male,Finance,Executive,05/05/25,78993,1,53.5,Not Promoted,Chennai,,,424,0,0.452941176,0.135615111,0.163,Low,,,
EMP0515,Meera Reddy,59,Female,Sales,Specialist,05/10/22,73219,5,87.5,Not Promoted,Ahmedabad,,,1367,1,0.852941176,0.440103326,0.844,High,,,
EMP0516,Manish Pandey,48,Male,Customer Support,Team Lead,14/09/19,120031,3,73.3,Not Promoted,Ahmedabad,,,2484,0.5,0.685882353,0.800774943,0.616,Medium,,,
EMP0517,Sangeeta Naik,53,Male,Operations,Analyst,04/09/18,253140,5,56.8,Not Promoted,Pune,,,2859,1,0.491764706,0.921859864,0.832,High,,,
EMP0518,Rohit Das,52,Male,Finance,Specialist,11/07/25,141903,1,74.3,Not Promoted,Coimbatore,,,357,0,0.697647059,0.113981272,0.232,Low,,,
EMP0519,Nisha Malhotra,52,Male,Sales,Engineer,06/03/22,174200,5,87,Not Promoted,Hyderabad,,,1580,1,0.847058824,0.508879561,0.856,High,,,
EMP0520,Ramesh Agarwal,25,Female,Finance,Team Lead,13/06/22,243657,5,81.7,Promoted,Mumbai,,,1480,1,0.784705882,0.476590249,0.831,High,,,
EMP0521,Akash Agarwal,22,Female,Marketing,Analyst,05/08/25,233279,4,90.7,Promoted,Coimbatore,,,332,0.75,0.890588235,0.105908944,0.663,High,,,
EMP0522,Priya Kapoor,21,Male,Research & Development,Coordinator,30/07/18,128673,1,53,Not Promoted,Coimbatore,,,2895,0,0.447058824,0.933484017,0.321,Low,,,
EMP0523,Geeta Banerjee,26,Female,Logistics,Supervisor,28/02/19,192412,4,97.9,Not Promoted,Pune,,,2682,0.75,0.975294118,0.864707782,0.841,High,,,
EMP0524,Pankaj Banerjee,37,Male,Logistics,Associate,14/03/22,113972,4,76.3,Promoted,Kochi,,,1572,0.75,0.721176471,0.506296416,0.693,High,,,
EMP0525,Anjali Menon,51,Female,Logistics,Team Lead,21/03/25,94244,1,81.7,Not Promoted,Kolkata,,,469,0,0.784705882,0.150145302,0.265,Low,,,
EMP0526,Rekha Mehta,27,Female,Customer Support,Manager,15/12/25,148788,1,61,Not Promoted,Mumbai,,,200,0,0.541176471,0.063287052,0.175,Low,,,
EMP0527,Usha Malhotra,21,Female,Information Technology,Coordinator,11/06/21,276776,1,91.8,Not Promoted,Delhi,,,1848,0,0.903529412,0.595414918,0.39,Low,,,
EMP0528,Anjali Pandey,56,Male,Operations,Coordinator,07/11/22,115301,5,59.7,Promoted,Chennai,,,1334,1,0.525882353,0.429447853,0.744,High,,,
EMP0530,Madhuri Malhotra,46,Male,Information Technology,Consultant,31/03/26,229377,4,89.2,Not Promoted,Delhi,,,94,0.75,0.872941176,0.029060381,0.643,Medium,,,
EMP0531,Sachin Bhatt,30,Female,Operations,Supervisor,22/08/22,291733,4,79.8,Not Promoted,Kolkata,,,1411,0.75,0.762352941,0.454310623,0.695,High,,,
EMP0532,Harish Das,51,Female,Human Resources,Coordinator,12/10/22,193280,5,66.5,Not Promoted,Mumbai,,,1360,1,0.605882353,0.437843074,0.769,High,,,
EMP0533,Indira Jain,48,Female,Operations,Executive,24/01/25,72749,4,87,Not Promoted,Pune,,,525,0.75,0.847058824,0.168227317,0.663,High,,,
EMP0534,Gaurav Lal,33,Female,Marketing,Engineer,16/10/18,211725,4,68.2,Not Promoted,Mumbai,,,2817,0.75,0.625882353,0.908298353,0.744,High,,,
EMP0535,Nisha Joshi,44,Male,Finance,Analyst,10/08/23,155285,3,83.4,Promoted,Bengaluru,,,1058,0.5,0.804705882,0.340329351,0.559,Medium,,,
EMP0536,Seema Singh,35,Male,Logistics,Supervisor,14/06/19,185807,5,76.2,Not Promoted,Ahmedabad,,,2576,1,0.72,0.830481111,0.882,High,,,
EMP0537,Ramesh Sinha,49,Male,Administration,Analyst,13/10/22,121284,1,99.4,Promoted,Ahmedabad,,,1359,0,0.992941176,0.437520181,0.385,Low,,,
EMP0538,Pankaj Sinha,34,Male,Finance,Consultant,03/11/23,236347,4,83.5,Not Promoted,Kochi,,,973,0.75,0.805882353,0.312883436,0.679,High,,,
EMP0539,Vinay Gandhi,58,Male,Sales,Engineer,18/04/26,41421,1,56.5,Promoted,Delhi,,,76,0,0.488235294,0.023248305,0.151,Low,,,
EMP0540,Indira Iyer,40,Male,Customer Support,Consultant,19/03/26,199003,2,69,Not Promoted,Ahmedabad,,,106,0.25,0.635294118,0.032935098,0.322,Low,,,
EMP0541,Nisha Rajan,52,Male,Sales,Coordinator,29/09/21,254806,5,63.6,Promoted,Pune,,,1738,1,0.571764706,0.559896674,0.784,High,,,
EMP0542,Swati Lal,41,Male,Marketing,Analyst,22/01/22,218815,3,95.5,Promoted,Ahmedabad,,,1623,0.5,0.947058824,0.522763965,0.639,Medium,,,
EMP0543,Ananya Das,39,Male,Human Resources,Supervisor,26/12/18,242775,1,58.9,Not Promoted,Bengaluru,,,2746,0,0.516470588,0.885372942,0.332,Low,,,
EMP0544,Gitanjali Shah,40,Male,Research & Development,Engineer,18/04/20,244752,2,97.1,Promoted,Bengaluru,,,2267,0.25,0.965882353,0.730707136,0.561,Medium,,,
EMP0545,Geeta Kumar,50,Female,Sales,Team Lead,05/01/26,45495,1,67.7,Promoted,Bengaluru,,,179,0,0.62,0.056506296,0.197,Low,,,
EMP0546,Esha Bose,29,Male,Information Technology,Supervisor,01/08/19,48703,5,86.8,Not Promoted,Coimbatore,,,2528,1,0.844705882,0.814982241,0.916,High,,,
EMP0547,Mohan Chauhan,59,Male,Sales,Team Lead,04/05/20,288626,2,80.2,Promoted,Coimbatore,,,2251,0.25,0.767058824,0.725540846,0.5,Medium,,,
EMP0548,Meera Naik,58,Male,Information Technology,Executive,07/01/18,82039,5,93.5,Promoted,Delhi,,,3099,1,0.923529412,0.999354214,0.977,High,,,
EMP0549,Sangeeta Sharma,25,Male,Sales,Associate,02/08/25,286326,3,69.5,Promoted,Hyderabad,,,335,0.5,0.641176471,0.106877624,0.464,Medium,,,
EMP0550,Kiran Kapoor,46,Male,Logistics,Engineer,03/12/25,134761,2,95,Not Promoted,Hyderabad,,,212,0.25,0.941176471,0.067161769,0.421,Low,,,
EMP0551,Pankaj Tiwari,28,Female,Information Technology,Executive,05/07/18,131341,3,74.3,Promoted,Delhi,,,2920,0.5,0.697647059,0.941556345,0.648,High,,,
EMP0552,Sangeeta Verma,49,Female,Marketing,Coordinator,17/08/20,281753,5,65.9,Not Promoted,Bengaluru,,,2146,1,0.598823529,0.691637068,0.818,High,,,
EMP0553,Vinay Chauhan,26,Male,Logistics,Specialist,11/03/19,122762,1,71,Promoted,Kolkata,,,2671,0,0.658823529,0.861155957,0.37,Low,,,
EMP0554,Geeta Kulkarni,59,Female,Finance,Executive,26/05/21,116736,2,74.8,Not Promoted,Ahmedabad,,,1864,0.25,0.703529412,0.600581208,0.456,Medium,,,
EMP0555,Harish Pandey,35,Female,Finance,Executive,05/01/21,32019,1,55.8,Not Promoted,Kochi,,,2005,0,0.48,0.646109138,0.273,Low,,,
EMP0962,Pooja Patel,57,Female,Customer Support,Manager,02/01/21,208932,3,50.4,Promoted,Coimbatore,,,2008,0.5,0.416470588,0.647077817,0.504,Medium,,,
EMP0557,Radha Bhatt,23,Male,Customer Support,Supervisor,10/06/18,113599,5,73.2,Not Promoted,Delhi,,,2945,1,0.684705882,0.949628673,0.895,High,,,
EMP0558,Sachin Bose,23,Male,Logistics,Analyst,27/05/18,158013,2,84,Not Promoted,Coimbatore,,,2959,0.25,0.811764706,0.954149177,0.559,Medium,,,
EMP0559,Lakshmi Pillai,33,Female,Marketing,Analyst,22/06/23,216197,2,60.5,Not Promoted,Ahmedabad,,,1107,0.25,0.535294118,0.356151114,0.357,Low,,,
EMP0560,Nisha Rao,41,Female,Marketing,Coordinator,07/04/19,269273,5,98.5,Not Promoted,Kolkata,,,2644,1,0.982352941,0.852437843,0.965,High,,,
EMP1022,Sanjay Mehta,22,Male,Human Resources,Team Lead,27/02/22,160866,5,98.9,Not Promoted,Bengaluru,,,1587,1,0.987058824,0.511139813,0.898,High,,,
EMP0562,Geeta Pandey,42,Male,Finance,Consultant,06/07/18,174443,3,62.3,Promoted,Pune,,,2919,0.5,0.556470588,0.941233452,0.605,Medium,,,
EMP0563,Aditya Reddy,48,Female,Information Technology,Executive,15/08/23,57705,4,53,Not Promoted,Kochi,,,1053,0.75,0.447058824,0.338714885,0.577,Medium,,,
EMP0564,Ramesh Verma,47,Female,Finance,Manager,24/04/26,280443,4,78,Not Promoted,Mumbai,,,70,0.75,0.741176471,0.021310946,0.602,Medium,,,
EMP0565,Divya Iyer,51,Male,Customer Support,Supervisor,25/09/24,65332,1,68.4,Not Promoted,Bengaluru,,,646,0,0.628235294,0.207297385,0.23,Low,,,
EMP0566,Lakshmi Rao,48,Female,Administration,Manager,30/11/19,165414,3,79.4,Not Promoted,Bengaluru,,,2407,0.5,0.757647059,0.775912173,0.632,Medium,,,
EMP0567,Aarav Verma,57,Male,Human Resources,Supervisor,02/09/18,75806,1,92.4,Promoted,Delhi,,,2861,0,0.910588235,0.922505651,0.458,Medium,,,
EMP0568,Nisha Joshi,46,Male,Sales,Associate,27/06/21,70905,3,84,Not Promoted,Bengaluru,,,1832,0.5,0.811764706,0.590248628,0.612,Medium,,,
EMP0569,Rahul Banerjee,29,Male,Research & Development,Engineer,06/03/22,258402,4,57.4,Promoted,Chennai,,,1580,0.75,0.498823529,0.508879561,0.626,Medium,,,
EMP0570,Meera Kumar,54,Male,Customer Support,Executive,01/09/22,294452,1,69,Promoted,Kochi,,,1401,0,0.635294118,0.451081692,0.281,Low,,,
EMP0571,Arjun Reddy,41,Male,Human Resources,Supervisor,19/01/22,230815,2,60.4,Promoted,Bengaluru,,,1626,0.25,0.534117647,0.523732644,0.39,Low,,,
EMP0572,Rahul Sharma,58,Female,Information Technology,Supervisor,05/10/20,145787,5,74.5,Promoted,Mumbai,,,2097,1,0.7,0.675815305,0.845,High,,,
EMP0573,Mohan Gupta,55,Male,Human Resources,Coordinator,24/06/23,153020,5,72.8,Promoted,Hyderabad,,,1105,1,0.68,0.355505328,0.775,High,,,
EMP0574,Arjun Rao,28,Female,Logistics,Executive,28/02/24,150949,3,85,Promoted,Bengaluru,,,856,0.5,0.823529412,0.27510494,0.552,Medium,,,
EMP0575,Farhan Kumar,24,Female,Human Resources,Analyst,31/01/25,174781,5,50.1,Promoted,Pune,,,518,1,0.412941176,0.165967065,0.657,High,,,
EMP0576,Meera Krishnan,22,Male,Sales,Coordinator,05/11/23,245337,4,72.4,Promoted,Pune,,,971,0.75,0.675294118,0.312237649,0.64,Medium,,,
EMP0577,Hemant Agarwal,37,Male,Operations,Supervisor,01/02/23,138048,5,68.7,Not Promoted,Bengaluru,,,1248,1,0.631764706,0.401679044,0.77,High,,,
EMP0578,Vikram Desai,54,Female,Logistics,Specialist,24/10/22,202928,3,67.7,Not Promoted,Hyderabad,,,1348,0.5,0.62,0.433968356,0.523,Medium,,,
EMP0579,Harish Gandhi,29,Female,Operations,Analyst,29/06/26,68739,2,58.2,Not Promoted,Kochi,,,4,0.25,0.508235294,0,0.277,Low,,,
EMP0981,Priya Mishra,36,Female,Logistics,Team Lead,18/01/20,162596,3,54.9,Not Promoted,Mumbai,,,2358,0.5,0.469411765,0.76009041,0.543,Medium,,,
EMP0581,Swati Pillai,41,Male,Human Resources,Specialist,02/11/20,66611,1,88.7,Promoted,Mumbai,,,2069,0,0.867058824,0.666774298,0.393,Low,,,
EMP0582,Komal Sharma,36,Female,Logistics,Executive,21/05/24,203761,1,55,Promoted,Coimbatore,,,773,0,0.470588235,0.248304811,0.191,Low,,,
EMP0583,Deepak Krishnan,36,Male,Human Resources,Specialist,13/03/24,221555,2,76.5,Not Promoted,Coimbatore,,,842,0.25,0.723529412,0.270584437,0.396,Low,,,
EMP0584,Mohan Yadav,35,Female,Sales,Supervisor,02/07/25,73375,1,96,Not Promoted,Delhi,,,366,0,0.952941176,0.11688731,0.309,Low,,,
EMP0585,Vijay Kapoor,36,Male,Finance,Manager,13/06/22,258818,1,85.3,Not Promoted,Coimbatore,,,1480,0,0.827058824,0.476590249,0.343,Low,,,
EMP0586,Bhavna Iyer,54,Male,Human Resources,Manager,06/05/22,250671,2,68.6,Not Promoted,Delhi,,,1519,0.25,0.630588235,0.48918308,0.412,Low,,,
EMP0587,Kavya Kulkarni,56,Female,Information Technology,Consultant,05/04/24,198499,3,56.6,Promoted,Mumbai,,,819,0.5,0.489411765,0.263157895,0.449,Low,,,
EMP1514,Ramesh Mehta,59,Female,Administration,Consultant,16/02/18,176643,1,56.5,Promoted,Chennai,,,3059,0,0.488235294,0.986438489,0.344,Low,,,
EMP1510,Lokesh Chauhan,38,Female,Logistics,Executive,15/01/21,289759,4,77.9,Not Promoted,Hyderabad,,,1995,0.75,0.74,0.642880207,0.726,High,,,
EMP0590,Divya Joshi,41,Female,Customer Support,Associate,20/06/19,92486,2,68.5,Not Promoted,Chennai,,,2570,0.25,0.629411765,0.828543752,0.48,Medium,,,
EMP0591,Esha Kumar,60,Female,Information Technology,Manager,19/12/22,241801,1,50.3,Not Promoted,Delhi,,,1292,0,0.415294118,0.415886342,0.208,Low,,,
EMP0592,Zara Tiwari,25,Male,Human Resources,Supervisor,16/11/21,196415,5,85.1,Promoted,Kolkata,,,1690,1,0.824705882,0.544397804,0.856,High,,,
EMP0593,Harish Shah,51,Female,Research & Development,Manager,04/01/21,95206,2,91.6,Not Promoted,Kolkata,,,2006,0.25,0.901176471,0.646432031,0.525,Medium,,,
EMP0594,Amit Shah,50,Male,Operations,Engineer,09/02/25,52187,5,94.4,Not Promoted,Delhi,,,509,1,0.934117647,0.163061027,0.813,High,,,
EMP0595,Sangeeta Reddy,31,Female,Information Technology,Analyst,23/09/21,219785,5,70.2,Not Promoted,Mumbai,,,1744,1,0.649411765,0.561834033,0.807,High,,,
EMP0596,Deepa Rajan,56,Male,Finance,Engineer,11/10/25,176146,3,90,Promoted,Pune,,,265,0.5,0.882352941,0.084275105,0.532,Medium,,,
EMP0597,Esha Chopra,55,Female,Sales,Engineer,16/04/25,184076,5,96.3,Not Promoted,Kolkata,,,443,1,0.956470588,0.141750081,0.815,High,,,
EMP0598,Zara Bose,48,Male,Marketing,Manager,30/04/22,105290,3,97.6,Not Promoted,Hyderabad,,,1525,0.5,0.971764706,0.491120439,0.64,Medium,,,
EMP0599,Rajan Bhatt,24,Female,Administration,Coordinator,15/05/21,290360,2,68.7,Promoted,Delhi,,,1875,0.25,0.631764706,0.604133032,0.435,Low,,,
EMP0600,Seema Gupta,36,Female,Sales,Coordinator,28/06/19,193917,3,69.1,Not Promoted,Chennai,,,2562,0.5,0.636470588,0.825960607,0.606,Medium,,,
EMP0601,Akash Gandhi,55,Male,Operations,Associate,08/02/21,161841,2,78.8,Promoted,Bengaluru,,,1971,0.25,0.750588235,0.635130772,0.477,Medium,,,
EMP0602,Gaurav Mukherjee,25,Female,Finance,Coordinator,28/12/24,114988,1,73.1,Not Promoted,Delhi,,,552,0,0.683529412,0.176945431,0.24,Low,,,
EMP0603,Geeta Kapoor,49,Male,Logistics,Associate,24/11/22,286679,5,84.1,Promoted,Chennai,,,1317,1,0.812941176,0.42395867,0.829,High,,,
EMP0604,Tanvi Bose,45,Male,Logistics,Supervisor,06/04/24,215907,3,75.8,Not Promoted,Ahmedabad,,,818,0.5,0.715294118,0.262835002,0.517,Medium,,,
EMP0605,Amit Shah,21,Female,Logistics,Consultant,24/12/25,264880,2,81.4,Not Promoted,Pune,,,191,0.25,0.781176471,0.060381014,0.371,Low,,,
EMP0606,Priya Kumar,25,Female,Information Technology,Associate,20/06/21,287867,3,98.1,Not Promoted,Pune,,,1839,0.5,0.977647059,0.59250888,0.662,High,,,
EMP0607,Jai Gandhi,49,Female,Administration,Associate,08/01/20,171766,3,57.9,Not Promoted,Kochi,,,2368,0.5,0.504705882,0.763319341,0.554,Medium,,,
EMP0608,Chirag Rao,27,Male,Customer Support,Associate,25/08/21,96235,2,72.4,Promoted,Bengaluru,,,1773,0.25,0.675294118,0.571197933,0.442,Low,,,
EMP0609,Tanvi Malhotra,57,Female,Research & Development,Specialist,09/10/22,146724,2,91.2,Promoted,Coimbatore,,,1363,0.25,0.896470588,0.438811753,0.482,Medium,,,
EMP0610,Esha Chopra,29,Male,Sales,Manager,01/04/25,286250,2,53.6,Not Promoted,Pune,,,458,0.25,0.454117647,0.146593478,0.291,Low,,,
EMP0611,Deepak Rajan,50,Male,Administration,Manager,03/08/23,179002,3,74.6,Not Promoted,Pune,,,1065,0.5,0.701176471,0.342589603,0.529,Medium,,,
EMP0612,Vishal Gupta,49,Male,Logistics,Engineer,24/03/22,224531,3,94.7,Not Promoted,Delhi,,,1562,0.5,0.937647059,0.503067485,0.632,Medium,,,
EMP0613,Esha Krishnan,34,Female,Administration,Consultant,13/02/18,213315,2,77.1,Not Promoted,Kolkata,,,3062,0.25,0.730588235,0.987407168,0.542,Medium,,,
EMP0614,Sachin Pandey,27,Male,Logistics,Analyst,13/08/22,178408,2,85.9,Not Promoted,Kochi,,,1420,0.25,0.834117647,0.457216661,0.467,Medium,,,
EMP0615,Komal Patel,28,Female,Sales,Specialist,21/02/24,182094,2,73.4,Not Promoted,Kochi,,,863,0.25,0.687058824,0.277365192,0.387,Low,,,
EMP0616,Seema Iyer,57,Male,Research & Development,Coordinator,14/01/18,83792,4,75.6,Promoted,Chennai,,,3092,0.75,0.712941176,0.997093962,0.788,High,,,
EMP0617,Priya Gupta,22,Female,Logistics,Coordinator,30/06/20,105987,1,79.6,Not Promoted,Ahmedabad,,,2194,0,0.76,0.707135938,0.369,Low,,,
EMP0618,Gitanjali Agarwal,36,Male,Administration,Manager,10/08/24,74617,1,74.8,Not Promoted,Coimbatore,,,692,0,0.703529412,0.222150468,0.255,Low,,,
EMP0619,Vijay Chopra,45,Male,Marketing,Associate,15/07/24,109757,2,55,Not Promoted,Mumbai,,,718,0.25,0.470588235,0.230545689,0.312,Low,,,
EMP1159,Vikram Pillai,26,Male,Sales,Analyst,14/08/24,33938,4,73.8,Unknown,Coimbatore,,,688,0.75,0.691764706,0.220858896,0.627,Medium,,,
EMP0621,Rekha Sharma,50,Male,Information Technology,Team Lead,08/05/26,263116,3,68,Not Promoted,Ahmedabad,,,56,0.5,0.623529412,0.016790442,0.44,Low,,,
EMP0622,Lakshmi Hegde,38,Female,Information Technology,Analyst,26/07/24,127294,5,52.9,Promoted,Kochi,,,707,1,0.445882353,0.226993865,0.679,High,,,
EMP0623,Priya Jain,58,Female,Research & Development,Supervisor,15/09/20,59660,2,72.9,Promoted,Kolkata,,,2117,0.25,0.681176471,0.682273168,0.466,Medium,,,
EMP0624,Ramesh Desai,23,Male,Information Technology,Specialist,01/08/23,219794,3,83.7,Promoted,Mumbai,,,1067,0.5,0.808235294,0.343235389,0.561,Medium,,,
EMP0625,Gaurav Chatterjee,55,Female,Sales,Manager,24/03/20,34882,3,91.6,Promoted,Bengaluru,,,2292,0.5,0.901176471,0.738779464,0.668,High,,,
EMP0626,Swati Joshi,46,Female,Operations,Executive,17/03/24,240305,5,75.3,Not Promoted,Pune,,,838,1,0.709411765,0.269292864,0.767,High,,,
EMP0627,Kiran Desai,41,Male,Information Technology,Supervisor,03/06/25,279724,4,80,Not Promoted,Hyderabad,,,395,0.75,0.764705882,0.126251211,0.63,Medium,,,
EMP0628,Indira Reddy,33,Male,Logistics,Associate,11/05/21,236765,3,51.7,Promoted,Coimbatore,,,1879,0.5,0.431764706,0.605424604,0.501,Medium,,,
EMP0629,Komal Hegde,27,Male,Human Resources,Engineer,14/11/22,226896,4,54,Not Promoted,Pune,,,1327,0.75,0.458823529,0.427187601,0.598,Medium,,,
EMP0630,Rahul Lal,24,Male,Sales,Analyst,12/04/21,249990,2,80.8,Not Promoted,Chennai,,,1908,0.25,0.774117647,0.614788505,0.48,Medium,,,
EMP0631,Neha Yadav,42,Male,Sales,Team Lead,13/06/22,266317,1,65,Not Promoted,Mumbai,,,1480,0,0.588235294,0.476590249,0.272,Low,,,
EMP0632,Lakshmi Hegde,30,Male,Logistics,Engineer,19/09/23,292999,1,96.5,Not Promoted,Mumbai,,,1018,0,0.958823529,0.327413626,0.353,Low,,,
EMP0633,Aarav Lal,36,Female,Administration,Manager,06/02/20,137465,3,91.1,Not Promoted,Delhi,,,2339,0.5,0.895294118,0.753955441,0.669,High,,,
EMP0634,Rahul Lal,50,Female,Administration,Supervisor,21/04/26,220445,1,71.1,Not Promoted,Kochi,,,73,0,0.66,0.022279625,0.202,Low,,,
EMP0635,Pooja Kulkarni,37,Female,Sales,Specialist,24/06/20,135515,5,55.8,Promoted,Hyderabad,,,2200,1,0.48,0.709073297,0.786,High,,,
EMP0636,Zara Nair,27,Male,Operations,Executive,26/04/24,162853,4,67.7,Not Promoted,Coimbatore,,,798,0.75,0.62,0.256377139,0.612,Medium,,,
EMP0637,Deepak Verma,35,Female,Information Technology,Consultant,16/01/19,97616,3,97.9,Promoted,Kolkata,,,2725,0.5,0.975294118,0.878592186,0.718,High,,,
EMP0638,Gaurav Mishra,46,Female,Research & Development,Coordinator,12/05/25,35649,4,97.9,Not Promoted,Hyderabad,,,417,0.75,0.975294118,0.13335486,0.694,High,,,
EMP0639,Zara Menon,36,Female,Finance,Consultant,17/03/24,186314,3,58.1,Not Promoted,Pune,,,838,0.5,0.507058824,0.269292864,0.456,Medium,,,
EMP0640,Priya Chatterjee,55,Male,Human Resources,Analyst,12/11/19,162596,1,99.6,Not Promoted,Hyderabad,,,2425,0,0.995294118,0.781724249,0.455,Medium,,,
EMP0641,Pankaj Reddy,58,Female,Marketing,Associate,14/05/18,240017,2,66.1,Promoted,Kochi,,,2972,0.25,0.601176471,0.958346787,0.497,Medium,,,
EMP0642,Deepa Kumar,58,Female,Customer Support,Engineer,13/07/20,70126,1,67.4,Not Promoted,Kochi,,,2181,0,0.616470588,0.702938327,0.326,Low,,,
EMP1501,Vishal Chopra,27,Male,Administration,Supervisor,16/05/26,76042,5,82.3,Not Promoted,Coimbatore,,,48,1,0.791764706,0.014207297,0.74,High,,,
EMP0644,Farhan Chatterjee,54,Male,Finance,Manager,21/08/25,270881,5,64.5,Not Promoted,Delhi,,,316,1,0.582352941,0.100742654,0.695,High,,,
EMP0645,Nikhil Gandhi,41,Male,Marketing,Analyst,28/08/20,249033,3,97.3,Not Promoted,Kochi,,,2135,0.5,0.968235294,0.688085244,0.678,High,,,
EMP0646,Zara Naik,57,Male,Customer Support,Manager,07/03/21,129998,4,54.5,Promoted,Delhi,,,1944,0.75,0.464705882,0.626412657,0.64,Medium,,,
EMP0647,Mohan Pandey,26,Male,Research & Development,Associate,13/01/21,154707,5,61.9,Promoted,Unknown,,,1997,1,0.551764706,0.643525993,0.794,High,,,
EMP0648,Vinay Hegde,50,Female,Information Technology,Supervisor,04/09/22,279726,1,94.2,Promoted,Bengaluru,,,1398,0,0.931764706,0.450113013,0.37,Low,,,
EMP0649,Nisha Tiwari,34,Male,Information Technology,Analyst,12/03/25,269564,5,95.6,Promoted,Hyderabad,,,478,1,0.948235294,0.15305134,0.815,High,,,
EMP0650,Kiran Bose,41,Male,Finance,Associate,14/04/21,90459,2,85.9,Not Promoted,Pune,,,1906,0.25,0.834117647,0.614142719,0.498,Medium,,,
EMP0651,Gitanjali Verma,41,Male,Sales,Consultant,26/01/22,180454,2,71.8,Promoted,Mumbai,,,1619,0.25,0.668235294,0.521472393,0.43,Low,,,
EMP0652,Vijay Bhatt,60,Male,Operations,Executive,09/10/24,152895,1,98.1,Not Promoted,Pune,,,632,0,0.977647059,0.202776881,0.334,Low,,,
EMP0653,Rajan Pandey,22,Female,Customer Support,Manager,27/02/19,145523,5,53.4,Not Promoted,Kochi,,,2683,1,0.451764706,0.865030675,0.809,High,,,
EMP0654,Gaurav Joshi,44,Female,Human Resources,Supervisor,18/05/26,40378,4,88.7,Not Promoted,Chennai,,,46,0.75,0.867058824,0.013561511,0.638,Medium,,,
EMP0655,Deepak Patel,35,Male,Research & Development,Associate,28/08/23,280005,5,77.4,Not Promoted,Chennai,,,1040,1,0.734117647,0.334517275,0.787,High,,,
EMP0656,Tanvi Verma,26,Male,Administration,Manager,17/10/23,176617,4,97.7,Promoted,Chennai,,,990,0.75,0.972941176,0.318372619,0.731,High,,,
EMP0657,Jai Bose,41,Female,Operations,Manager,02/04/24,73180,3,82.1,Promoted,Coimbatore,,,822,0.5,0.789411765,0.264126574,0.54,Medium,,,
EMP0658,Neha Banerjee,40,Male,Sales,Supervisor,08/06/19,181094,5,84.8,Promoted,Kochi,,,2582,1,0.821176471,0.832418469,0.913,High,,,
EMP0660,Sanjay Reddy,25,Male,Sales,Executive,22/04/26,216379,3,74.8,Not Promoted,Kolkata,,,72,0.5,0.703529412,0.021956732,0.465,Medium,,,
EMP0661,Neha Sharma,24,Female,Sales,Analyst,30/09/22,186299,5,65.8,Not Promoted,Delhi,,,1372,1,0.597647059,0.441717791,0.768,High,,,
EMP0662,Arun Gupta,36,Female,Operations,Supervisor,13/06/22,235238,5,76.6,Not Promoted,Ahmedabad,,,1480,1,0.724705882,0.476590249,0.813,High,,,
EMP0663,Deepa Sinha,57,Male,Human Resources,Supervisor,19/06/21,196395,1,87.4,Not Promoted,Mumbai,,,1840,0,0.851764706,0.592831773,0.374,Low,,,
EMP0664,Deepa Desai,49,Female,Administration,Supervisor,28/07/23,86217,5,69.2,Not Promoted,Hyderabad,,,1071,1,0.637647059,0.344526962,0.76,High,,,
EMP0665,Sunita Rajan,33,Male,Logistics,Analyst,02/09/20,278629,2,56.3,Promoted,Ahmedabad,,,2130,0.25,0.485882353,0.686470778,0.408,Low,,,
EMP0666,Radha Pillai,60,Male,Logistics,Supervisor,16/01/20,102954,1,70.8,Promoted,Coimbatore,,,2360,0,0.656470588,0.760736196,0.349,Low,,,
EMP0667,Radha Gandhi,29,Female,Marketing,Consultant,03/01/25,71249,1,50.9,Promoted,Delhi,,,546,0,0.422352941,0.175008072,0.162,Low,,,
EMP0668,Neha Menon,41,Female,Human Resources,Specialist,18/05/25,56323,1,93.2,Not Promoted,Mumbai,,,411,0,0.92,0.131417501,0.302,Low,,,
EMP0669,Zara Mishra,29,Female,Sales,Manager,09/12/24,249194,2,84.8,Unknown,Mumbai,,,571,0.25,0.821176471,0.1830804,0.408,Low,,,
EMP0670,Rajan Joshi,33,Female,Logistics,Analyst,14/01/25,112226,4,57.2,Not Promoted,Coimbatore,,,535,0.75,0.496470588,0.171456248,0.558,Medium,,,
EMP0671,Akash Yadav,59,Male,Administration,Coordinator,07/07/24,60220,1,74.8,Promoted,Pune,,,726,0,0.703529412,0.233128834,0.258,Low,,,
EMP0672,Madhuri Bose,44,Male,Operations,Engineer,17/09/21,157514,1,95.1,Not Promoted,Kolkata,,,1750,0,0.942352941,0.563771392,0.395,Low,,,
EMP0673,Vishal Kulkarni,49,Male,Sales,Analyst,01/05/24,191053,3,98.2,Not Promoted,Mumbai,,,793,0.5,0.978823529,0.254762674,0.595,Medium,,,
EMP0674,Aditya Kapoor,23,Male,Human Resources,Consultant,01/03/26,222497,4,75.2,Promoted,Chennai,,,124,0.75,0.708235294,0.038747175,0.595,Medium,,,
EMP0675,Vishal Mehta,42,Female,Research & Development,Associate,30/12/21,76382,1,85.5,Not Promoted,Delhi,,,1646,0,0.829411765,0.530190507,0.355,Low,,,
EMP0676,Shreya Iyer,22,Female,Human Resources,Coordinator,03/01/20,105063,3,93.8,Not Promoted,Kochi,,,2373,0.5,0.927058824,0.764933807,0.681,High,,,
EMP0677,Harish Pandey,28,Male,Operations,Team Lead,06/09/25,35587,2,93.1,Promoted,Coimbatore,,,300,0.25,0.918823529,0.095576364,0.42,Low,,,
EMP0678,Sanjay Singh,35,Female,Sales,Consultant,13/05/26,26858,2,84.1,Not Promoted,Coimbatore,,,51,0.25,0.812941176,0.015175977,0.372,Low,,,
EMP0679,Esha Mukherjee,60,Female,Human Resources,Analyst,02/04/23,56742,3,85.2,Promoted,Ahmedabad,,,1188,0.5,0.825882353,0.382305457,0.574,Medium,,,
EMP0680,Geeta Pillai,27,Male,Operations,Supervisor,25/11/24,50732,4,63,Not Promoted,Kochi,,,585,0.75,0.564705882,0.187600904,0.582,Medium,,,
EMP0681,Geeta Pillai,60,Male,Administration,Coordinator,29/07/19,225649,4,83.8,Promoted,Pune,,,2531,0.75,0.809411765,0.81595092,0.781,High,,,
EMP0682,Indira Nair,58,Male,Research & Development,Manager,09/02/25,237253,1,85.1,Promoted,Kolkata,,,509,0,0.824705882,0.163061027,0.28,Low,,,
EMP0683,Komal Bhatt,50,Female,Administration,Supervisor,28/06/18,117095,5,56.6,Not Promoted,Bengaluru,,,2927,1,0.489411765,0.943816597,0.836,High,,,
EMP0684,Gitanjali Chatterjee,41,Male,Operations,Analyst,26/07/20,268931,1,50.6,Not Promoted,Kochi,,,2168,0,0.418823529,0.698740717,0.265,Low,,,
EMP0685,Suresh Nair,41,Female,Research & Development,Supervisor,28/10/20,47706,2,54.4,Promoted,Kochi,,,2074,0.25,0.463529412,0.668388763,0.398,Low,,,
EMP0686,Arun Yadav,59,Male,Logistics,Engineer,01/06/21,207713,4,99,Not Promoted,Unknown,,,1858,0.75,0.988235294,0.598643849,0.791,High,,,
EMP0687,Vijay Yadav,52,Male,Research & Development,Manager,23/10/24,46605,1,60.8,Promoted,Ahmedabad,,,618,0,0.538823529,0.198256377,0.201,Low,,,
EMP0688,Sangeeta Kulkarni,35,Male,Logistics,Supervisor,23/09/20,62374,3,61.6,Unknown,Ahmedabad,,,2109,0.5,0.548235294,0.679690023,0.55,Medium,,,
EMP0689,Manish Nair,39,Male,Sales,Specialist,14/06/18,294337,3,51.6,Not Promoted,Kolkata,,,2941,0.5,0.430588235,0.9483371,0.569,Medium,,,
EMP0690,Aditya Patel,33,Male,Research & Development,Specialist,30/01/18,35585,2,90.8,Not Promoted,Kolkata,,,3076,0.25,0.891764706,0.991927672,0.591,Medium,,,
EMP0691,Vikram Nair,42,Female,Marketing,Supervisor,17/12/18,20864,3,55.8,Promoted,Pune,,,2755,0.5,0.48,0.88827898,0.572,Medium,,,
EMP0692,Jai Kumar,36,Female,Information Technology,Engineer,26/06/26,221471,5,54.9,Not Promoted,Pune,,,7,1,0.469411765,0.000968679,0.641,Medium,,,
EMP0693,Chirag Pandey,55,Female,Operations,Engineer,10/08/18,157124,4,67.1,Not Promoted,Bengaluru,,,2884,0.75,0.612941176,0.929932192,0.745,High,,,
EMP0695,Hemant Shah,60,Male,Marketing,Consultant,10/09/20,64789,3,57.8,Not Promoted,Mumbai,,,2122,0.5,0.503529412,0.683887633,0.538,Medium,,,
EMP0696,Sunita Kulkarni,42,Male,Logistics,Team Lead,27/10/24,132340,3,84.5,Not Promoted,Mumbai,,,614,0.5,0.817647059,0.196964805,0.535,Medium,,,
EMP0697,Farhan Bhatt,22,Male,Operations,Manager,06/04/20,157774,3,87.5,Promoted,Ahmedabad,,,2279,0.5,0.852941176,0.734581853,0.653,High,,,
EMP0698,Kiran Hegde,47,Male,Customer Support,Executive,13/06/22,96198,3,58.3,Not Promoted,Unknown,,,1480,0.5,0.509411765,0.476590249,0.498,Medium,,,
EMP0699,Aarav Menon,21,Female,Customer Support,Specialist,06/12/22,175798,1,52.6,Promoted,Hyderabad,,,1305,0,0.442352941,0.420083952,0.217,Low,,,
EMP0700,Meera Agarwal,46,Male,Research & Development,Consultant,13/10/20,226407,4,91.1,Not Promoted,Kochi,,,2089,0.75,0.895294118,0.67323216,0.778,High,,,
EMP0701,Esha Gandhi,60,Female,Finance,Associate,17/12/20,150029,2,57.6,Not Promoted,Coimbatore,,,2024,0.25,0.501176471,0.652244107,0.406,Low,,,
EMP0702,Mohan Gandhi,27,Male,Logistics,Executive,05/10/21,208872,2,73.2,Promoted,Kochi,,,1732,0.25,0.684705882,0.557959315,0.442,Low,,,
EMP0703,Sachin Rajan,34,Female,Logistics,Specialist,05/08/25,87229,4,78.8,Promoted,Kolkata,,,332,0.75,0.750588235,0.105908944,0.621,Medium,,,
EMP0704,Zara Pillai,33,Male,Research & Development,Coordinator,03/10/18,233180,2,58.1,Promoted,Chennai,,,2830,0.25,0.507058824,0.912495964,0.46,Medium,,,
EMP0705,Nikhil Rao,56,Female,Finance,Engineer,21/04/25,162045,4,55.7,Not Promoted,Delhi,,,438,0.75,0.478823529,0.140135615,0.547,Medium,,,
EMP0706,Usha Gupta,38,Female,Operations,Analyst,21/09/18,162596,3,51.4,Not Promoted,Hyderabad,,,2842,0.5,0.428235294,0.916370681,0.562,Medium,,,
EMP0707,Arjun Chatterjee,42,Female,Research & Development,Supervisor,01/02/20,101721,1,63.5,Not Promoted,Coimbatore,,,2344,0,0.570588235,0.755569906,0.322,Low,,,
EMP0708,Pooja Joshi,27,Female,Finance,Supervisor,24/03/18,296270,2,95.8,Promoted,Mumbai,,,3023,0.25,0.950588235,0.974814336,0.605,Medium,,,
EMP0709,Tanvi Kumar,42,Female,Finance,Specialist,04/02/26,292707,1,77.6,Not Promoted,Delhi,,,149,0,0.736470588,0.046819503,0.23,Low,,,
EMP0710,Akash Pillai,57,Male,Operations,Coordinator,28/04/26,263488,5,64.7,Promoted,Ahmedabad,,,66,1,0.584705882,0.020019374,0.679,High,,,
EMP0711,Seema Reddy,48,Male,Logistics,Specialist,25/05/21,189027,4,54.9,Promoted,Mumbai,,,1865,0.75,0.469411765,0.600904101,0.636,Medium,,,
EMP0712,Vinay Kapoor,32,Male,Information Technology,Coordinator,23/01/25,252613,5,84.6,Not Promoted,Hyderabad,,,526,1,0.818823529,0.16855021,0.779,High,,,
EMP0713,Harish Bhatt,27,Female,Operations,Consultant,26/03/19,208990,3,53.2,Promoted,Delhi,,,2656,0.5,0.449411765,0.856312561,0.556,Medium,,,
EMP0714,Lokesh Bose,29,Female,Administration,Supervisor,18/04/26,98237,2,81.7,Not Promoted,Kochi,,,76,0.25,0.784705882,0.023248305,0.365,Low,,,
EMP0715,Lokesh Yadav,48,Female,Sales,Consultant,21/06/26,259086,3,89,Not Promoted,Chennai,,,12,0.5,0.870588235,0.002583145,0.512,Medium,,,
EMP0716,Divya Menon,34,Female,Administration,Unknown,24/02/26,30802,3,78.2,Not Promoted,Hyderabad,,,129,0.5,0.743529412,0.04036164,0.481,Medium,,,
EMP0717,Vijay Mishra,47,Male,Information Technology,Specialist,05/01/20,153501,2,52,Promoted,Bengaluru,,,2371,0.25,0.435294118,0.764288021,0.408,Low,,,
EMP0718,Radha Singh,41,Female,Operations,Manager,28/08/23,136928,4,83.9,Not Promoted,Hyderabad,,,1040,0.75,0.810588235,0.334517275,0.685,High,,,
EMP0719,Farhan Patel,31,Male,Customer Support,Executive,26/09/19,114614,3,69.4,Promoted,Ahmedabad,,,2472,0.5,0.64,0.796900226,0.601,Medium,,,
EMP0720,Madhuri Sinha,59,Male,Information Technology,Associate,11/11/18,40144,2,66.7,Promoted,Kolkata,,,2791,0.25,0.608235294,0.899903132,0.487,Medium,,,
EMP0721,Shreya Das,54,Male,Finance,Team Lead,19/09/18,95459,2,80.1,Not Promoted,Mumbai,,,2844,0.25,0.765882353,0.917016468,0.538,Medium,,,
EMP0722,Lakshmi Pillai,54,Male,Sales,Coordinator,22/09/23,59210,2,75.2,Not Promoted,Bengaluru,,,1015,0.25,0.708235294,0.326444947,0.403,Low,,,
EMP0723,Aditya Agarwal,42,Female,Marketing,Analyst,06/11/18,203423,2,73.9,Not Promoted,Mumbai,,,2796,0.25,0.692941176,0.901517598,0.513,Medium,,,
EMP0724,Aarav Chopra,58,Male,Logistics,Manager,04/06/22,110664,3,67.8,Promoted,Mumbai,,,1490,0.5,0.621176471,0.47981918,0.532,Medium,,,
EMP0725,Gaurav Naik,32,Male,Finance,Associate,27/08/20,254066,3,89.6,Not Promoted,Chennai,,,2136,0.5,0.877647059,0.688408137,0.651,High,,,
EMP0726,Deepa Mishra,35,Female,Administration,Team Lead,24/07/25,185241,3,71.9,Not Promoted,Delhi,,,344,0.5,0.669411765,0.109783662,0.473,Medium,,,
EMP0727,Meera Agarwal,46,Female,Customer Support,Executive,25/10/20,224941,5,56.1,Promoted,Delhi,,,2077,1,0.483529412,0.669357443,0.779,High,,,
EMP0728,Meera Rajan,60,Female,Logistics,Associate,23/05/25,176553,1,72.3,Not Promoted,Kolkata,,,406,0,0.674117647,0.129803035,0.228,Low,,,
EMP0729,Sunita Singh,45,Male,Logistics,Associate,30/06/22,130293,5,54.6,Not Promoted,Kolkata,,,1464,1,0.465882353,0.471423959,0.734,High,,,
EMP0730,Indira Kulkarni,54,Female,Information Technology,Manager,15/05/24,273770,3,56.6,Not Promoted,Ahmedabad,,,779,0.5,0.489411765,0.25024217,0.447,Low,,,
EMP0731,Kiran Sinha,23,Female,Operations,Analyst,01/07/25,58627,2,52.1,Not Promoted,Coimbatore,,,367,0.25,0.436470588,0.117210203,0.279,Low,,,
EMP0732,Tanvi Das,52,Male,Sales,Manager,13/04/24,229148,5,60.7,Promoted,Hyderabad,,,811,1,0.537647059,0.26057475,0.713,High,,,
EMP0733,Pankaj Chauhan,50,Female,Research & Development,Consultant,17/08/19,97246,3,56.2,Not Promoted,Bengaluru,,,2512,0.5,0.484705882,0.809815951,0.557,Medium,,,
EMP0734,Rajan Mehta,26,Female,Research & Development,Team Lead,17/02/19,155511,3,77,Not Promoted,Pune,,,2693,0.5,0.729411765,0.868259606,0.642,Medium,,,
EMP0735,Nikhil Kapoor,36,Female,Research & Development,Analyst,25/09/23,28548,1,80.4,Not Promoted,Mumbai,,,1012,0,0.769411765,0.325476267,0.296,Low,,,
EMP0736,Arun Nair,39,Female,Customer Support,Associate,22/12/18,34124,4,77.7,Promoted,Kochi,,,2750,0.75,0.737647059,0.886664514,0.774,High,,,
EMP0737,Sangeeta Tiwari,23,Female,Marketing,Manager,26/05/26,136983,3,84.8,Not Promoted,Hyderabad,,,38,0.5,0.821176471,0.010978366,0.499,Medium,,,
EMP0738,Gaurav Gandhi,55,Female,Research & Development,Engineer,12/04/22,176440,5,78.9,Promoted,Kochi,,,1543,1,0.751764706,0.496932515,0.825,High,,,
EMP0739,Rahul Singh,33,Female,Finance,Analyst,12/07/24,56303,5,55.4,Promoted,Kochi,,,721,1,0.475294118,0.231514369,0.689,High,,,
EMP0740,Lakshmi Kulkarni,49,Female,Information Technology,Supervisor,07/07/18,160191,2,79.3,Not Promoted,Coimbatore,,,2918,0.25,0.756470588,0.940910559,0.54,Medium,,,
EMP0741,Sangeeta Mukherjee,34,Male,Operations,Executive,16/11/23,63322,5,59.2,Promoted,Pune,,,960,1,0.52,0.308685825,0.718,High,,,
EMP0742,Arun Pandey,30,Male,Finance,Coordinator,10/11/18,143894,3,95.1,Not Promoted,Kochi,,,2792,0.5,0.942352941,0.900226025,0.713,High,,,
EMP0743,Vishal Kapoor,59,Female,Human Resources,Analyst,03/01/24,261631,1,82.3,Promoted,Ahmedabad,,,912,0,0.791764706,0.293186955,0.296,Low,,,
EMP0744,Arun Chatterjee,28,Female,Operations,Supervisor,13/03/25,283368,2,87.9,Not Promoted,Kolkata,,,477,0.25,0.857647059,0.152728447,0.413,Low,,,
EMP0745,Kavya Desai,39,Female,Customer Support,Analyst,10/02/26,202506,1,85.9,Not Promoted,Kolkata,,,143,0,0.834117647,0.044882144,0.259,Low,,,
EMP0746,Indira Agarwal,60,Male,Marketing,Supervisor,07/06/19,160715,1,72.1,Not Promoted,Pune,,,2583,0,0.671764706,0.832741363,0.368,Low,,,
EMP0747,Zara Singh,45,Male,Sales,Executive,06/08/19,126240,1,80.2,Promoted,Pune,,,2523,0,0.767058824,0.813367775,0.393,Low,,,
EMP0748,Rahul Agarwal,52,Male,Sales,Manager,15/05/23,238747,1,75.5,Not Promoted,Hyderabad,,,1145,0,0.711764706,0.368421053,0.287,Low,,,
EMP0749,Aarav Menon,30,Male,Finance,Supervisor,27/06/18,54118,1,92.3,Promoted,Bengaluru,,,2928,0,0.909411765,0.94413949,0.462,Medium,,,
EMP0750,Akash Chauhan,48,Male,Marketing,Consultant,08/07/24,166527,4,60.6,Not Promoted,Hyderabad,,,725,0.75,0.536470588,0.232805941,0.583,Medium,,,
EMP0751,Ramesh Rao,31,Female,Sales,Consultant,31/03/25,261812,5,69.8,Promoted,Chennai,,,459,1,0.644705882,0.146916371,0.723,High,,,
EMP0752,Sunita Reddy,40,Male,Logistics,Team Lead,07/09/18,84297,1,56.5,Not Promoted,Coimbatore,,,2856,0,0.488235294,0.920891185,0.331,Low,,,
EMP0753,Nisha Lal,36,Female,Information Technology,Coordinator,15/03/24,70038,3,80.6,Promoted,Ahmedabad,,,840,0.5,0.771764706,0.26993865,0.536,Medium,,,
EMP0754,Nikhil Joshi,30,Female,Customer Support,Supervisor,26/09/19,299042,3,95.3,Promoted,Kochi,,,2472,0.5,0.944705882,0.796900226,0.693,High,,,
EMP0755,Bhavna Naik,52,Female,Marketing,Coordinator,26/10/21,35402,5,65,Not Promoted,Kochi,,,1711,1,0.588235294,0.55117856,0.787,High,,,
EMP0756,Jai Joshi,43,Female,Logistics,Team Lead,20/01/24,221924,3,59.6,Not Promoted,Hyderabad,,,895,0.5,0.524705882,0.287697772,0.465,Medium,,,
EMP0757,Manish Gandhi,57,Female,Logistics,Engineer,22/04/22,40187,1,67.7,Promoted,Mumbai,,,1533,0,0.62,0.493703584,0.285,Low,,,
EMP0759,Vijay Naik,58,Male,Administration,Coordinator,31/01/19,41982,5,68.4,Not Promoted,Hyderabad,,,2710,1,0.628235294,0.873748789,0.863,High,,,
EMP0760,Pankaj Das,58,Female,Unknown,Consultant,07/10/19,127882,4,89.3,Not Promoted,Pune,,,2461,0.75,0.874117647,0.793348402,0.796,High,,,
EMP1057,Rahul Desai,26,Male,Marketing,Analyst,15/11/20,119724,4,72.9,Not Promoted,Chennai,,,2056,0.75,0.681176471,0.662576687,0.712,High,,,
EMP0763,Jai Verma,26,Female,Operations,Analyst,04/12/21,213891,5,52.2,Not Promoted,Ahmedabad,,,1672,1,0.437647059,0.538585728,0.739,High,,,
EMP1322,Nisha Bhatt,33,Male,Research & Development,Coordinator,11/02/19,221061,4,75.9,Not Promoted,Mumbai,,,2699,0.75,0.716470588,0.870196965,0.764,High,,,
EMP0765,Geeta Mishra,55,Male,Finance,Analyst,20/10/25,273917,3,65.8,Not Promoted,Ahmedabad,,,256,0.5,0.597647059,0.081369067,0.446,Low,,,
EMP1523,Sangeeta Menon,52,Female,Logistics,Executive,16/12/21,187703,5,95.6,Not Promoted,Coimbatore,,,1660,1,0.948235294,0.534711011,0.891,High,,,
EMP0767,Zara Mishra,24,Female,Human Resources,Executive,27/12/18,163164,4,99.8,Not Promoted,Delhi,,,2745,0.75,0.997647059,0.885050048,0.851,High,,,
EMP0768,Geeta Desai,21,Male,Research & Development,Engineer,29/05/22,249988,3,57.2,Promoted,Delhi,,,1496,0.5,0.496470588,0.481756539,0.495,Medium,,,
EMP0769,Esha Gupta,46,Female,Sales,Manager,23/11/22,179543,1,71,Not Promoted,Chennai,,,1318,0,0.658823529,0.424281563,0.283,Low,,,
EMP0770,Shreya Malhotra,42,Male,Customer Support,Consultant,02/03/19,117876,3,58.1,Not Promoted,Chennai,,,2680,0.5,0.507058824,0.864061995,0.575,Medium,,,
EMP0771,Ramesh Singh,32,Female,Administration,Specialist,06/06/25,59269,2,66,Not Promoted,Bengaluru,,,392,0.25,0.6,0.125282531,0.33,Low,,,
EMP1503,Indira Rao,26,Male,Research & Development,Team Lead,11/05/18,105639,1,82.5,Not Promoted,Coimbatore,,,2975,0,0.794117647,0.959315467,0.43,Low,,,
EMP0773,Zara Gupta,21,Male,Human Resources,Consultant,17/01/20,25303,1,67.6,Not Promoted,Mumbai,,,2359,0,0.618823529,0.760413303,0.338,Low,,,
EMP0774,Rekha Krishnan,24,Female,Customer Support,Associate,06/03/25,230065,3,93.9,Promoted,Kochi,,,484,0.5,0.928235294,0.154988699,0.559,Medium,,,
EMP1035,Neha Reddy,44,Female,Operations,Specialist,10/09/19,125054,3,50.1,Not Promoted,Pune,,,2488,0.5,0.412941176,0.802066516,0.534,Medium,,,
EMP0776,Deepa Rajan,29,Male,Customer Support,Team Lead,25/10/18,246333,2,88.2,Not Promoted,Kolkata,,,2808,0.25,0.861176471,0.905392315,0.564,Medium,,,
EMP0777,Usha Malhotra,52,Female,Sales,Team Lead,04/06/20,237932,1,88.2,Not Promoted,Hyderabad,,,2220,0,0.861176471,0.715531159,0.401,Low,,,
EMP0778,Gaurav Bose,33,Female,Sales,Supervisor,22/12/19,179637,2,91,Not Promoted,Pune,,,2385,0.25,0.894117647,0.768808524,0.547,Medium,,,
EMP0779,Tanvi Chopra,25,Female,Customer Support,Specialist,06/06/19,274028,5,73.2,Promoted,Mumbai,,,2584,1,0.684705882,0.833064256,0.872,High,,,
EMP0780,Farhan Sharma,35,Female,Administration,Specialist,30/08/24,202052,1,98.7,Promoted,Mumbai,,,672,0,0.984705882,0.215692606,0.339,Low,,,
EMP0781,Nikhil Menon,46,Male,Administration,Executive,27/11/23,111533,3,72.5,Not Promoted,Hyderabad,,,949,0.5,0.676470588,0.305134001,0.514,Medium,,,
EMP0782,Arjun Mehta,60,Male,Sales,Team Lead,28/12/23,277265,1,95.8,Not Promoted,Pune,,,918,0,0.950588235,0.295124314,0.344,Low,,,
EMP0783,Rahul Nair,37,Male,Logistics,Specialist,18/05/20,287558,1,98.6,Not Promoted,Pune,,,2237,0,0.983529412,0.721020342,0.439,Low,,,
EMP0784,Harish Chatterjee,32,Male,Customer Support,Engineer,11/05/26,72116,4,59.2,Not Promoted,Chennai,,,53,0.75,0.52,0.015821763,0.534,Medium,,,
EMP0785,Arun Chauhan,34,Female,Marketing,Executive,09/04/22,209912,3,78.7,Promoted,Coimbatore,,,1546,0.5,0.749411765,0.497901195,0.574,Medium,,,
EMP0786,Geeta Iyer,21,Female,Information Technology,Associate,31/01/22,168567,3,64.3,Not Promoted,Ahmedabad,,,1614,0.5,0.58,0.519857927,0.528,Medium,,,
EMP0787,Anjali Joshi,36,Male,Marketing,Supervisor,13/06/22,253156,5,74.8,Promoted,Pune,,,1480,1,0.703529412,0.476590249,0.806,High,,,
EMP0788,Rohit Iyer,53,Female,Operations,Analyst,29/11/23,282511,4,93.6,Promoted,Kolkata,,,947,0.75,0.924705882,0.304488214,0.713,High,,,
EMP0789,Zara Banerjee,29,Male,Research & Development,Executive,23/07/19,247483,3,63.4,Promoted,Ahmedabad,,,2537,0.5,0.569411765,0.817888279,0.584,Medium,,,
EMP0790,Esha Singh,51,Female,Research & Development,Consultant,01/01/21,202426,1,67.1,Promoted,Coimbatore,,,2009,0,0.612941176,0.64740071,0.313,Low,,,
EMP0791,Rahul Singh,58,Female,Information Technology,Engineer,15/08/21,175990,3,55.6,Not Promoted,Kolkata,,,1783,0.5,0.477647059,0.574426865,0.508,Medium,,,
EMP0792,Pooja Chopra,23,Male,Human Resources,Team Lead,17/09/20,84356,5,95.7,Promoted,Kolkata,,,2115,1,0.949411765,0.681627381,0.921,High,,,
EMP0793,Vinay Agarwal,29,Female,Customer Support,Specialist,07/04/22,33291,3,55.7,Not Promoted,Pune,,,1548,0.5,0.478823529,0.498546981,0.493,Medium,,,
EMP0794,Seema Pandey,46,Male,Marketing,Consultant,13/06/22,54395,2,75.9,Not Promoted,Pune,,,1480,0.25,0.716470588,0.476590249,0.435,Low,,,
EMP0795,Aarav Tiwari,58,Female,Marketing,Engineer,11/11/25,32693,4,54,Not Promoted,Mumbai,,,234,0.75,0.458823529,0.074265418,0.528,Medium,,,
EMP0796,Pooja Gupta,22,Male,Sales,Executive,30/09/21,277702,2,61.9,Not Promoted,Mumbai,,,1737,0.25,0.551764706,0.559573781,0.402,Low,,,
EMP0797,Tanvi Kulkarni,43,Male,Information Technology,Supervisor,22/05/18,42476,3,77.7,Promoted,Mumbai,,,2964,0.5,0.737647059,0.955763642,0.662,High,,,
EMP0798,Komal Malhotra,23,Male,Marketing,Coordinator,22/12/19,175570,3,66,Promoted,Chennai,,,2385,0.5,0.6,0.768808524,0.584,Medium,,,
EMP0799,Kavya Sharma,41,Female,Information Technology,Consultant,09/03/26,110449,1,89,Promoted,Coimbatore,,,116,0,0.870588235,0.03616403,0.268,Low,,,
EMP0800,Sangeeta Singh,43,Male,Information Technology,Coordinator,08/11/21,283659,5,84.9,Not Promoted,Pune,,,1698,1,0.822352941,0.546980949,0.856,High,,,
EMP0801,Gitanjali Gandhi,33,Female,Customer Support,Specialist,03/07/20,286982,3,87.2,Not Promoted,Kolkata,,,2191,0.5,0.849411765,0.706167259,0.646,High,,,
EMP0802,Bhavna Jain,54,Male,Sales,Team Lead,22/04/24,106805,3,52.3,Not Promoted,Coimbatore,,,802,0.5,0.438823529,0.257668712,0.433,Low,,,
EMP0803,Deepa Malhotra,27,Male,Research & Development,Manager,11/03/24,255776,4,56.9,Promoted,Pune,,,844,0.75,0.492941176,0.271230223,0.577,Medium,,,
EMP0804,Aditya Shah,60,Female,Finance,Consultant,24/01/24,32964,4,61.8,Promoted,Hyderabad,,,891,0.75,0.550588235,0.2864062,0.597,Medium,,,
EMP0805,Sanjay Patel,24,Female,Sales,Team Lead,30/07/22,58509,2,76.8,Not Promoted,Kochi,,,1434,0.25,0.727058824,0.461737165,0.435,Low,,,
EMP0806,Arjun Chopra,56,Female,Administration,Associate,21/08/23,224180,5,96.9,Not Promoted,Chennai,,,1047,1,0.963529412,0.336777527,0.856,High,,,
EMP0807,Deepa Kulkarni,38,Female,Human Resources,Specialist,12/03/21,140045,5,90.8,Not Promoted,Chennai,,,1939,1,0.891764706,0.624798192,0.892,High,,,
EMP0809,Sachin Iyer,58,Male,Customer Support,Analyst,28/09/18,125169,3,56.7,Not Promoted,Kolkata,,,2835,0.5,0.490588235,0.914110429,0.58,Medium,,,
EMP0810,Kiran Sinha,48,Female,Finance,Manager,15/11/25,261367,4,74.8,Promoted,Hyderabad,,,230,0.75,0.703529412,0.072973846,0.601,Medium,,,
EMP0811,Arun Mishra,51,Female,Sales,Executive,30/01/21,246920,3,50.6,Not Promoted,Kochi,,,1980,0.5,0.418823529,0.63803681,0.503,Medium,,,
EMP0812,Amit Sinha,24,Male,Sales,Manager,22/07/23,207376,1,55.8,Not Promoted,Ahmedabad,,,1077,0,0.48,0.34646432,0.213,Low,,,
EMP0813,Lokesh Bose,23,Female,Customer Support,Supervisor,01/06/24,162596,5,90.9,Not Promoted,Kolkata,,,762,1,0.892941176,0.244752987,0.817,High,,,
EMP0814,Sangeeta Chopra,49,Male,Logistics,Supervisor,09/04/20,26135,1,65,Not Promoted,Mumbai,,,2276,0,0.588235294,0.733613174,0.323,Low,,,
EMP0815,Divya Kapoor,45,Male,Administration,Team Lead,08/08/24,257670,3,51.6,Not Promoted,Chennai,,,694,0.5,0.430588235,0.222796254,0.424,Low,,,
EMP0816,Farhan Pandey,54,Male,Research & Development,Analyst,24/03/21,191637,1,80.4,Not Promoted,Mumbai,,,1927,0,0.769411765,0.620923474,0.355,Low,,,
EMP0817,Aarav Yadav,45,Male,Logistics,Specialist,02/06/22,20763,5,77.8,Not Promoted,Delhi,,,1492,1,0.738823529,0.480464966,0.818,High,,,
EMP0818,Vikram Mehta,51,Male,Logistics,Coordinator,23/03/24,21196,4,78.2,Not Promoted,Ahmedabad,,,832,0.75,0.743529412,0.267355505,0.652,High,,,
EMP0819,Geeta Sinha,44,Male,Customer Support,Engineer,03/11/25,202153,2,87.7,Promoted,Mumbai,,,242,0.25,0.855294118,0.076848563,0.397,Low,,,
EMP0820,Gitanjali Hegde,22,Male,Research & Development,Analyst,05/02/25,159613,4,64.2,Not Promoted,Hyderabad,,,513,0.75,0.578823529,0.164352599,0.582,Medium,,,
EMP0821,Aarav Tiwari,47,Male,Research & Development,Consultant,13/07/25,29201,3,91.1,Not Promoted,Kochi,,,355,0.5,0.895294118,0.113335486,0.541,Medium,,,
EMP0822,Swati Kapoor,35,Male,Logistics,Supervisor,24/10/20,168680,5,88.8,Promoted,Hyderabad,,,2078,1,0.868235294,0.669680336,0.894,High,,,
EMP1504,Chirag Rao,50,Male,Operations,Specialist,29/01/24,189586,5,75,Promoted,Pune,,,886,1,0.705882353,0.284791734,0.769,High,,,
EMP0824,Gitanjali Das,34,Female,Research & Development,Associate,02/11/25,106930,2,78.7,Not Promoted,Kochi,,,243,0.25,0.749411765,0.077171456,0.365,Low,,,
EMP1513,Esha Mishra,38,Male,Logistics,Supervisor,08/03/19,162596,1,92.5,Not Promoted,Hyderabad,,,2674,0,0.911764706,0.862124637,0.446,Low,,,
EMP0826,Zara Chauhan,31,Female,Logistics,Associate,13/06/22,197554,3,51.4,Not Promoted,Pune,,,1480,0.5,0.428235294,0.476590249,0.474,Medium,,,
EMP0827,Swati Singh,38,Female,Research & Development,Executive,25/01/26,272677,3,60.6,Not Promoted,Bengaluru,,,159,0.5,0.536470588,0.050048434,0.421,Low,,,
EMP0828,Geeta Yadav,41,Female,Finance,Consultant,13/05/18,115662,2,85.9,Not Promoted,Chennai,,,2973,0.25,0.834117647,0.95866968,0.567,Medium,,,
EMP0829,Shalini Tiwari,48,Male,Research & Development,Engineer,10/08/23,277603,3,56.6,Not Promoted,Delhi,,,1058,0.5,0.489411765,0.340329351,0.465,Medium,,,
EMP0830,Nikhil Desai,41,Female,Research & Development,Supervisor,29/10/23,175091,4,83.9,Not Promoted,Chennai,,,978,0.75,0.810588235,0.314497901,0.681,High,,,
EMP0831,Komal Pandey,38,Male,Information Technology,Coordinator,26/10/22,57468,5,68.5,Promoted,Kochi,,,1346,1,0.629411765,0.43332257,0.775,High,,,
EMP0832,Sachin Singh,45,Male,Logistics,Executive,10/07/18,158501,3,66.4,Not Promoted,Coimbatore,,,2915,0.5,0.604705882,0.939941879,0.619,Medium,,,
EMP0833,Manish Krishnan,35,Female,Operations,Manager,15/01/21,20937,1,87.7,Not Promoted,Hyderabad,,,1995,0,0.855294118,0.642880207,0.385,Low,,,
EMP0834,Shreya Chauhan,46,Female,Customer Support,Supervisor,09/02/23,162596,5,77.1,Not Promoted,Hyderabad,,,1240,1,0.730588235,0.399095899,0.799,High,,,
EMP0835,Gaurav Mukherjee,56,Female,Customer Support,Specialist,28/07/18,74212,5,82.4,Promoted,Bengaluru,,,2897,1,0.792941176,0.934129803,0.925,High,,,
EMP0836,Geeta Shah,53,Male,Sales,Engineer,24/01/26,175359,5,86.8,Promoted,Coimbatore,,,160,1,0.844705882,0.050371327,0.763,High,,,
EMP0837,Meera Chopra,37,Male,Operations,Supervisor,27/05/23,264079,3,79.3,Not Promoted,Ahmedabad,,,1133,0.5,0.756470588,0.364546335,0.55,Medium,,,
EMP0838,Hemant Menon,27,Female,Human Resources,Manager,17/08/24,182432,3,92.7,Promoted,Mumbai,,,685,0.5,0.914117647,0.219890216,0.568,Medium,,,
EMP0839,Aditya Tiwari,45,Male,Administration,Analyst,14/07/22,260307,2,74.7,Promoted,Ahmedabad,,,1450,0.25,0.702352941,0.466903455,0.429,Low,,,
EMP1509,Hemant Lal,39,Female,Administration,Engineer,16/02/21,278203,4,82.6,Not Promoted,Mumbai,,,1963,0.75,0.795294118,0.632547627,0.74,High,,,
EMP0841,Kavya Chatterjee,31,Female,Research & Development,Manager,12/01/19,52284,5,56.1,Not Promoted,Delhi,,,2729,1,0.483529412,0.879883758,0.821,High,,,
EMP0842,Amit Sinha,59,Female,Administration,Team Lead,15/08/24,37348,2,97.5,Not Promoted,Mumbai,,,687,0.25,0.970588235,0.220536003,0.46,Medium,,,
EMP0843,Arun Chatterjee,49,Male,Sales,Executive,06/04/22,138475,3,55.8,Not Promoted,Ahmedabad,,,1549,0.5,0.48,0.498869874,0.494,Medium,,,
EMP0844,Esha Joshi,48,Female,Marketing,Engineer,13/07/21,193797,5,87,Not Promoted,Chennai,,,1816,1,0.847058824,0.585082338,0.871,High,,,
EMP0845,Ramesh Das,38,Male,Sales,Engineer,15/12/25,278288,2,56.8,Not Promoted,Pune,,,200,0.25,0.491764706,0.063287052,0.285,Low,,,
EMP0846,Jai Iyer,27,Male,Logistics,Associate,01/08/23,299985,4,83.1,Not Promoted,Hyderabad,,,1067,0.75,0.801176471,0.343235389,0.684,High,,,
EMP0847,Pankaj Gupta,50,Female,Logistics,Manager,28/03/20,200707,4,94.8,Not Promoted,Coimbatore,,,2288,0.75,0.938823529,0.737487892,0.804,High,,,
EMP0848,Gaurav Bhatt,51,Female,Sales,Analyst,09/04/18,26730,4,76,Not Promoted,Ahmedabad,,,3007,0.75,0.717647059,0.969648046,0.784,High,,,
EMP0849,Harish Rao,48,Male,Customer Support,Engineer,17/08/21,162596,3,76,Promoted,Mumbai,,,1781,0.5,0.717647059,0.573781078,0.58,Medium,,,
EMP0850,Deepa Desai,23,Female,Human Resources,Specialist,18/03/19,52559,5,60.6,Not Promoted,Delhi,,,2664,1,0.536470588,0.858895706,0.833,High,,,
EMP0851,Neha Kumar,33,Male,Marketing,Coordinator,15/03/24,62730,4,52.2,Promoted,Kochi,,,840,0.75,0.437647059,0.26993865,0.56,Medium,,,
EMP0852,Ramesh Das,50,Female,Finance,Team Lead,12/12/18,246842,5,74.8,Not Promoted,Delhi,,,2760,1,0.703529412,0.889893445,0.889,High,,,
EMP0853,Pankaj Iyer,44,Male,Research & Development,Specialist,24/07/25,92625,4,72.1,Not Promoted,Mumbai,,,344,0.75,0.671764706,0.109783662,0.598,Medium,,,
EMP0854,Sangeeta Mukherjee,21,Male,Research & Development,Coordinator,21/01/23,275920,5,72.1,Promoted,Unknown,,,1259,1,0.671764706,0.405230869,0.783,High,,,
EMP0855,Pankaj Shah,40,Female,Human Resources,Executive,07/08/24,255135,2,77.2,Not Promoted,Ahmedabad,,,695,0.25,0.731764706,0.223119148,0.389,Low,,,
EMP0857,Sangeeta Krishnan,53,Male,Customer Support,Consultant,19/08/22,206605,1,73.7,Not Promoted,Kochi,,,1414,0,0.690588235,0.455279303,0.298,Low,,,
EMP0858,Gaurav Malhotra,58,Female,Sales,Team Lead,26/04/18,76212,3,52,Not Promoted,Kochi,,,2990,0.5,0.435294118,0.964158863,0.573,Medium,,,
EMP0859,Geeta Reddy,49,Male,Marketing,Manager,24/10/20,21679,5,81.4,Not Promoted,Pune,,,2078,1,0.781176471,0.669680336,0.868,High,,,
EMP0860,Harish Kulkarni,40,Male,Administration,Coordinator,22/09/19,21857,3,95.2,Not Promoted,Delhi,,,2476,0.5,0.943529412,0.798191799,0.693,High,,,
EMP0861,Shreya Reddy,23,Female,Sales,Analyst,04/08/21,78760,4,82.1,Promoted,Delhi,,,1794,0.75,0.789411765,0.577978689,0.727,High,,,
EMP0862,Kiran Gupta,51,Female,Marketing,Analyst,17/02/23,1500000,5,64.3,Not Promoted,Hyderabad,,,1232,1,0.58,0.396512754,0.753,High,,,
EMP0863,Akash Menon,40,Female,Finance,Engineer,17/01/25,204059,4,86.9,Promoted,Mumbai,,,532,0.75,0.845882353,0.170487569,0.663,High,,,
EMP0864,Arun Sinha,37,Male,Information Technology,Team Lead,02/05/23,58739,3,77.4,Promoted,Pune,,,1158,0.5,0.734117647,0.372618663,0.545,Medium,,,
EMP0865,Madhuri Naik,26,Female,Human Resources,Team Lead,23/09/25,233196,5,74.8,Not Promoted,Pune,,,283,1,0.703529412,0.090087181,0.729,High,,,
EMP0866,Shreya Nair,58,Female,Operations,Executive,28/12/24,197379,5,74.7,Promoted,Coimbatore,,,552,1,0.702352941,0.176945431,0.746,High,,,
EMP0867,Vinay Krishnan,55,Female,Operations,Supervisor,29/04/19,135988,1,65.8,Not Promoted,Kolkata,,,2622,0,0.597647059,0.845334194,0.348,Low,,,
EMP0868,Priya Rao,28,Male,Finance,Consultant,23/01/18,92069,4,95.3,Not Promoted,Chennai,,,3083,0.75,0.944705882,0.994187924,0.857,High,,,
EMP0869,Arun Chopra,26,Male,Operations,Engineer,07/01/19,174072,4,66.2,Not Promoted,Pune,,,2734,0.75,0.602352941,0.881498224,0.732,High,,,
EMP0870,Priya Gandhi,32,Male,Research & Development,Manager,24/01/21,251559,5,85.2,Not Promoted,Mumbai,,,1986,1,0.825882353,0.639974169,0.876,High,,,
EMP0871,Shalini Joshi,33,Male,Administration,Team Lead,31/08/25,299886,1,81.8,Not Promoted,Kochi,,,306,0,0.785882353,0.097513723,0.255,Low,,,
EMP0872,Pankaj Bhatt,23,Female,Logistics,Coordinator,17/09/23,51655,1,74,Not Promoted,Chennai,,,1020,0,0.694117647,0.328059412,0.274,Low,,,
EMP0873,Vikram Krishnan,22,Male,Operations,Supervisor,15/06/18,238018,3,82.1,Promoted,Ahmedabad,,,2940,0.5,0.789411765,0.948014207,0.676,High,,,
EMP0874,Vikram Tiwari,52,Male,Finance,Associate,28/11/20,42812,5,99.8,Promoted,Pune,,,2043,1,0.997647059,0.658379077,0.931,High,,,
EMP0875,Deepak Gupta,54,Female,Human Resources,Engineer,01/05/23,90317,3,62.7,Promoted,Mumbai,,,1159,0.5,0.561176471,0.372941556,0.493,Medium,,,
EMP0876,Shalini Lal,38,Male,Research & Development,Team Lead,21/11/25,123158,2,98.3,Promoted,Mumbai,,,224,0.25,0.98,0.071036487,0.433,Low,,,
EMP0877,Zara Singh,41,Male,Customer Support,Manager,04/04/24,167712,1,92.4,Not Promoted,Kolkata,,,820,0,0.910588235,0.263480788,0.326,Low,,,
EMP0878,Akash Hegde,27,Female,Information Technology,Engineer,06/02/22,272367,3,71,Not Promoted,Ahmedabad,,,1608,0.5,0.658823529,0.517920568,0.551,Medium,,,
EMP1515,Neha Lal,44,Male,Information Technology,Associate,01/09/18,83433,3,96,Not Promoted,Mumbai,,,2862,0.5,0.952941176,0.922828544,0.72,High,,,
EMP0880,Arun Gupta,41,Female,Sales,Supervisor,23/02/24,162596,5,57.2,Not Promoted,Kolkata,,,861,1,0.496470588,0.276719406,0.704,High,,,
EMP0881,Harish Mukherjee,24,Male,Marketing,Analyst,28/11/19,58071,1,63.5,Promoted,Kolkata,,,2409,0,0.570588235,0.776557959,0.326,Low,,,
EMP0882,Nikhil Pandey,43,Female,Customer Support,Engineer,03/06/26,149914,3,86.9,Not Promoted,Coimbatore,,,30,0.5,0.845882353,0.008395221,0.505,Medium,,,
EMP0883,Kavya Bhatt,57,Male,Administration,Consultant,17/04/18,87633,2,83.8,Not Promoted,Bengaluru,,,2999,0.25,0.809411765,0.967064902,0.561,Medium,,,
EMP0884,Hemant Kapoor,31,Male,Administration,Specialist,24/06/22,158267,2,87.6,Not Promoted,Kolkata,,,1470,0.25,0.854117647,0.473361317,0.476,Medium,,,
EMP0885,Bhavna Desai,56,Male,Operations,Analyst,22/08/19,294801,1,58.2,Not Promoted,Coimbatore,,,2507,0,0.508235294,0.808201485,0.314,Low,,,
EMP0886,Deepa Kapoor,60,Male,Research & Development,Supervisor,09/11/23,276788,3,96.1,Not Promoted,Chennai,,,967,0.5,0.954117647,0.310946077,0.598,Medium,,,
EMP0887,Sunita Yadav,56,Female,Human Resources,Executive,15/05/23,214675,3,99.8,Promoted,Chennai,,,1145,0.5,0.997647059,0.368421053,0.623,Medium,,,
EMP0888,Gitanjali Hegde,43,Female,Marketing,Consultant,02/11/24,39372,3,64,Promoted,Chennai,,,608,0.5,0.576470588,0.195027446,0.462,Medium,,,
EMP0889,Vijay Das,37,Male,Information Technology,Specialist,19/06/22,215980,3,80.1,Promoted,Ahmedabad,,,1475,0.5,0.765882353,0.474975783,0.575,Medium,,,
EMP0890,Ananya Iyer,53,Female,Customer Support,Executive,01/06/18,222661,1,64.3,Not Promoted,Kochi,,,2954,0,0.58,0.952534711,0.365,Low,,,
EMP0891,Esha Agarwal,43,Female,Administration,Supervisor,08/12/18,68303,3,79,Not Promoted,Coimbatore,,,2764,0.5,0.752941176,0.891185018,0.654,High,,,
EMP0892,Shivam Joshi,23,Female,Customer Support,Team Lead,08/11/21,45113,3,55,Not Promoted,Pune,,,1698,0.5,0.470588235,0.546980949,0.501,Medium,,,
EMP0893,Manish Mishra,52,Male,Marketing,Team Lead,25/08/20,99234,3,94.2,Not Promoted,Kochi,,,2138,0.5,0.931764706,0.689053923,0.667,High,,,
EMP0894,Rekha Verma,53,Female,Research & Development,Analyst,23/02/24,113032,5,59.4,Not Promoted,Pune,,,861,1,0.522352941,0.276719406,0.712,High,,,
EMP0895,Bhavna Patel,43,Female,Marketing,Coordinator,10/01/21,23487,4,91.5,Promoted,Bengaluru,,,2000,0.75,0.9,0.644494672,0.774,High,,,
EMP0896,Kavya Desai,29,Female,Operations,Consultant,13/10/19,228820,4,66.5,Not Promoted,Bengaluru,,,2455,0.75,0.605882353,0.791411043,0.715,High,,,
EMP0897,Nikhil Iyer,57,Male,Human Resources,Consultant,14/08/23,21876,4,94.9,Not Promoted,Delhi,,,1054,0.75,0.94,0.339037778,0.725,High,,,
EMP0898,Kiran Jain,44,Male,Marketing,Manager,19/04/22,52610,4,95,Not Promoted,Coimbatore,,,1536,0.75,0.941176471,0.494672263,0.756,High,,,
EMP0899,Esha Pandey,43,Female,Operations,Consultant,29/04/24,242641,5,82.2,Not Promoted,Kochi,,,795,1,0.790588235,0.25540846,0.788,High,,,
EMP0900,Chirag Hegde,51,Male,Information Technology,Associate,05/01/25,76536,4,76.1,Not Promoted,Ahmedabad,,,544,0.75,0.718823529,0.174362286,0.626,Medium,,,
EMP0901,Manish Nair,35,Male,Administration,Executive,17/10/20,123586,4,71.4,Not Promoted,Mumbai,,,2085,0.75,0.663529412,0.671940588,0.708,High,,,
EMP0902,Komal Mukherjee,24,Female,Finance,Analyst,05/05/22,41828,1,50.2,Not Promoted,Pune,,,1520,0,0.414117647,0.489505974,0.222,Low,,,
EMP0903,Amit Yadav,41,Female,Research & Development,Analyst,08/07/21,66160,2,93.2,Not Promoted,Hyderabad,,,1821,0.25,0.92,0.586696803,0.518,Medium,,,
EMP0904,Vishal Sharma,32,Male,Administration,Specialist,08/10/19,189688,5,51,Not Promoted,Bengaluru,,,2460,1,0.423529412,0.793025509,0.786,High,,,
EMP0906,Rohit Gupta,24,Female,Administration,Manager,22/07/20,160764,3,96.9,Not Promoted,Mumbai,,,2172,0.5,0.963529412,0.700032289,0.679,High,,,
EMP0907,Rohit Pandey,22,Female,Logistics,Specialist,22/08/25,128161,4,89.9,Not Promoted,Kolkata,,,315,0.75,0.881176471,0.100419761,0.659,High,,,
EMP0908,Mohan Jain,39,Female,Administration,Supervisor,13/07/18,289128,2,58.6,Promoted,Mumbai,,,2912,0.25,0.512941176,0.9389732,0.467,Medium,,,
EMP0909,Priya Mukherjee,60,Female,Logistics,Unknown,28/07/18,143523,5,71.9,Not Promoted,Chennai,,,2897,1,0.669411765,0.934129803,0.888,High,,,
EMP0910,Komal Lal,53,Female,Research & Development,Executive,10/05/25,218774,3,74.8,Not Promoted,Coimbatore,,,419,0.5,0.703529412,0.134000646,0.488,Medium,,,
EMP0911,Madhuri Verma,51,Male,Research & Development,Analyst,09/04/23,247019,2,61,Not Promoted,Chennai,,,1181,0.25,0.541176471,0.380045205,0.363,Low,,,
EMP0912,Radha Chopra,44,Female,Administration,Consultant,06/08/19,226987,4,86.4,Promoted,Kochi,,,2523,0.75,0.84,0.813367775,0.79,High,,,
EMP0913,Shivam Kulkarni,52,Male,Administration,Associate,15/12/19,77888,2,58,Not Promoted,Pune,,,2392,0.25,0.505882353,0.771068776,0.431,Low,,,
EMP0914,Vijay Pandey,60,Male,Unknown,Analyst,19/12/25,275116,1,75.1,Promoted,Ahmedabad,,,196,0,0.707058824,0.061995479,0.225,Low,,,
EMP0915,Rahul Chatterjee,40,Female,Information Technology,Consultant,05/07/20,88765,2,89.5,Not Promoted,Ahmedabad,,,2189,0.25,0.876470588,0.705521472,0.529,Medium,,,
EMP0916,Pankaj Rajan,26,Male,Logistics,Supervisor,10/05/21,252732,2,83.3,Not Promoted,Unknown,,,1880,0.25,0.803529412,0.605747498,0.487,Medium,,,
EMP0917,Geeta Patel,46,Female,Logistics,Supervisor,02/06/18,296810,2,74.8,Not Promoted,Ahmedabad,,,2953,0.25,0.703529412,0.952211818,0.527,Medium,,,
EMP0918,Arjun Nair,34,Male,Marketing,Supervisor,14/03/26,96799,3,64.3,Not Promoted,Kochi,,,111,0.5,0.58,0.034549564,0.431,Low,,,
EMP0919,Tanvi Chopra,51,Female,Finance,Executive,26/08/23,277255,4,98.3,Promoted,Mumbai,,,1042,0.75,0.98,0.335163061,0.736,High,,,
EMP0920,Komal Shah,54,Female,Finance,Specialist,28/02/26,172153,2,71,Promoted,Ahmedabad,,,125,0.25,0.658823529,0.039070068,0.33,Low,,,
EMP0921,Nisha Kapoor,32,Female,Human Resources,Coordinator,07/10/22,259271,5,74.8,Promoted,Kochi,,,1365,1,0.703529412,0.43945754,0.799,High,,,
EMP0922,Sunita Chauhan,22,Male,Human Resources,Manager,28/02/20,207782,2,52.6,Not Promoted,Chennai,,,2317,0.25,0.442352941,0.746851792,0.407,Low,,,
EMP0923,Pankaj Lal,32,Male,Sales,Specialist,08/06/24,260788,3,61.8,Promoted,Coimbatore,,,755,0.5,0.550588235,0.242492735,0.464,Medium,,,
EMP0925,Usha Chauhan,35,Female,Marketing,Associate,26/11/22,193048,4,90.2,Not Promoted,Bengaluru,,,1315,0.75,0.884705882,0.423312883,0.725,High,,,
EMP0926,Nikhil Joshi,60,Female,Information Technology,Specialist,20/09/24,80360,4,74.9,Promoted,Mumbai,,,651,0.75,0.704705882,0.20891185,0.628,Medium,,,
EMP0927,Gaurav Iyer,45,Female,Logistics,Engineer,02/07/23,175518,5,76.5,Not Promoted,Coimbatore,,,1097,1,0.723529412,0.352922183,0.788,High,,,
EMP0928,Priya Bhatt,30,Female,Human Resources,Executive,19/07/18,202477,1,97.1,Promoted,Coimbatore,,,2906,0,0.965882353,0.937035841,0.477,Medium,,,
EMP0929,Amit Tiwari,44,Male,Human Resources,Team Lead,10/06/19,125048,4,61.3,Not Promoted,Hyderabad,,,2580,0.75,0.544705882,0.831772683,0.705,High,,,
EMP0930,Anjali Chopra,35,Female,Customer Support,Engineer,03/11/20,258812,5,60.4,Not Promoted,Kolkata,,,2068,1,0.534117647,0.666451405,0.794,High,,,
EMP0931,Deepak Jain,42,Female,Human Resources,Specialist,19/05/23,289675,5,81.3,Not Promoted,Coimbatore,,,1141,1,0.78,0.36712948,0.807,High,,,
EMP0932,Seema Agarwal,58,Male,Logistics,Team Lead,11/04/24,268275,3,63.8,Promoted,Delhi,,,813,0.5,0.574117647,0.261220536,0.474,Medium,,,
EMP0933,Bhavna Naik,45,Female,Sales,Associate,11/04/24,105394,2,96.1,Promoted,Delhi,,,813,0.25,0.954117647,0.261220536,0.463,Medium,,,
EMP0934,Lokesh Patel,60,Male,Sales,Consultant,27/09/18,164230,4,87.4,Promoted,Kochi,,,2836,0.75,0.851764706,0.914433323,0.813,High,,,
EMP0935,Vinay Desai,36,Male,Administration,Executive,13/07/18,251880,5,79.7,Not Promoted,Pune,,,2912,1,0.761176471,0.9389732,0.916,High,,,
EMP0936,Komal Joshi,47,Male,Sales,Supervisor,09/06/21,21143,1,90.1,Not Promoted,Ahmedabad,,,1850,0,0.883529412,0.596060704,0.384,Low,,,
EMP0937,Gitanjali Das,41,Male,Information Technology,Supervisor,13/06/22,67193,5,65.2,Promoted,Kochi,,,1480,1,0.590588235,0.476590249,0.772,High,,,
EMP0938,Deepa Kumar,41,Male,Human Resources,Manager,06/04/19,118191,2,99,Not Promoted,Bengaluru,,,2645,0.25,0.988235294,0.852760736,0.592,Medium,,,
EMP0939,Arjun Banerjee,31,Female,Research & Development,Manager,25/06/24,100,5,88.4,Promoted,Kochi,,,738,1,0.863529412,0.237003552,0.806,High,,,
EMP0940,Indira Chatterjee,59,Male,Logistics,Coordinator,22/10/23,192627,5,84.5,Promoted,Coimbatore,,,985,1,0.817647059,0.316758153,0.809,High,,,
EMP0941,Amit Tiwari,25,Female,Finance,Supervisor,17/04/19,54087,5,74.8,Promoted,Kochi,,,2634,1,0.703529412,0.849208912,0.881,High,,,
EMP0942,Lakshmi Mehta,33,Male,Research & Development,Consultant,19/09/25,116010,4,70.6,Promoted,Ahmedabad,,,287,0.75,0.654117647,0.091378754,0.59,Medium,,,
EMP0943,Indira Jain,58,Male,Sales,Engineer,25/02/25,218846,1,50.3,Not Promoted,Bengaluru,,,493,0,0.415294118,0.157894737,0.156,Low,,,
EMP0944,Meera Menon,47,Male,Sales,Executive,18/12/19,162275,1,69.6,Not Promoted,Coimbatore,,,2389,0,0.642352941,0.770100097,0.347,Low,,,
EMP0945,Suresh Shah,43,Female,Logistics,Associate,28/09/19,76376,1,71.9,Promoted,Mumbai,,,2470,0,0.669411765,0.79625444,0.36,Low,,,
EMP1135,Nisha Desai,43,Female,Administration,Team Lead,25/08/20,162596,2,74.8,Not Promoted,Pune,,,2138,0.25,0.703529412,0.689053923,0.474,Medium,,,
EMP0948,Zara Banerjee,30,Female,Finance,Coordinator,20/07/25,262399,2,53.1,Promoted,Delhi,,,348,0.25,0.448235294,0.111075234,0.282,Low,,,
EMP0949,Nikhil Kapoor,28,Female,Sales,Team Lead,10/05/25,73703,5,53.4,Not Promoted,Pune,,,419,1,0.451764706,0.134000646,0.662,High,,,
EMP0950,Gitanjali Tiwari,58,Female,Human Resources,Team Lead,18/02/26,180271,5,62.2,Not Promoted,Kochi,,,135,1,0.555294118,0.042298999,0.675,High,,,
EMP0951,Vikram Chopra,27,Male,Marketing,Supervisor,28/11/18,215672,2,54.6,Promoted,Coimbatore,,,2774,0.25,0.465882353,0.894413949,0.444,Low,,,
EMP0953,Komal Kulkarni,29,Male,Research & Development,Manager,19/02/19,112386,5,78.4,Promoted,Coimbatore,,,2691,1,0.745882353,0.86761382,0.897,High,,,
EMP0954,Lokesh Yadav,35,Female,Sales,Supervisor,11/12/19,165283,1,53.5,Not Promoted,Hyderabad,,,2396,0,0.452941176,0.772360349,0.29,Low,,,
EMP0955,Aditya Gupta,51,Unknown,Finance,Team Lead,20/03/20,236699,1,63.1,Not Promoted,Chennai,,,2296,0,0.565882353,0.740071036,0.318,Low,,,
EMP0956,Suresh Sinha,59,Male,Sales,Executive,25/01/22,201678,4,83.2,Not Promoted,Pune,,,1620,0.75,0.802352941,0.521795286,0.72,High,,,
EMP0957,Rohit Mehta,29,Male,Operations,Consultant,14/06/24,98666,2,79.3,Not Promoted,Pune,,,749,0.25,0.756470588,0.240555376,0.4,Low,,,
EMP0958,Mohan Tiwari,48,Female,Marketing,Executive,20/05/22,88208,5,74.8,Promoted,Bengaluru,,,1505,1,0.703529412,0.484662577,0.808,High,,,
EMP0959,Zara Reddy,27,Male,Marketing,Associate,23/11/24,202900,4,64.7,Not Promoted,Kochi,,,587,0.75,0.584705882,0.18824669,0.588,Medium,,,
EMP0960,Shalini Joshi,52,Male,Customer Support,Team Lead,22/02/20,166871,3,97.9,Not Promoted,Bengaluru,,,2323,0.5,0.975294118,0.748789151,0.692,High,,,
EMP0961,Tanvi Jain,24,Female,Human Resources,Supervisor,29/04/26,103962,5,98.4,Not Promoted,Coimbatore,,,65,1,0.981176471,0.01969648,0.798,High,,,
EMP1517,Deepa Chauhan,59,Male,Information Technology,Specialist,16/06/23,174792,1,57.4,Not Promoted,Kolkata,,,1113,0,0.498823529,0.358088473,0.221,Low,,,
EMP0963,Neha Chatterjee,57,Female,Customer Support,Executive,17/05/23,92884,1,95.7,Promoted,Coimbatore,,,1143,0,0.949411765,0.367775266,0.358,Low,,,
EMP0964,Vikram Hegde,47,Female,Logistics,Associate,19/12/25,49415,2,63.5,Not Promoted,Mumbai,,,196,0.25,0.570588235,0.061995479,0.309,Low,,,
EMP0966,Rekha Chopra,30,Female,Logistics,Analyst,01/08/24,44145,3,74.8,Promoted,Bengaluru,,,701,0.5,0.703529412,0.225056506,0.506,Medium,,,
EMP0967,Chirag Nair,39,Male,Administration,Consultant,13/06/22,294439,2,64.9,Promoted,Pune,,,1480,0.25,0.587058824,0.476590249,0.396,Low,,,
EMP0968,Geeta Desai,57,Female,Research & Development,Unknown,31/05/24,226196,2,82.3,Not Promoted,Kolkata,,,763,0.25,0.791764706,0.24507588,0.412,Low,,,
EMP0969,Vikram Kulkarni,40,Male,Research & Development,Supervisor,03/09/22,57566,5,97.4,Not Promoted,Hyderabad,,,1399,1,0.969411765,0.450435906,0.881,High,,,
EMP0970,Harish Agarwal,53,Female,Sales,Engineer,25/03/21,146294,3,88.8,Promoted,Bengaluru,,,1926,0.5,0.868235294,0.620600581,0.635,Medium,,,
EMP0971,Meera Shah,54,Male,Marketing,Specialist,18/12/21,175094,5,96.9,Not Promoted,Kolkata,,,1658,1,0.963529412,0.534065224,0.896,High,,,
EMP0972,Rahul Yadav,43,Female,Research & Development,Team Lead,06/02/18,170287,2,65.2,Promoted,Delhi,,,3069,0.25,0.590588235,0.98966742,0.5,Medium,,,
EMP0973,Usha Kumar,60,Female,Marketing,Manager,25/06/25,190531,2,64.6,Not Promoted,Delhi,,,373,0.25,0.583529412,0.119147562,0.324,Low,,,
EMP0974,Arun Bhatt,22,Male,Logistics,Engineer,03/03/25,237189,3,98.3,Not Promoted,Pune,,,487,0.5,0.98,0.155957378,0.575,Medium,,,
EMP0975,Sangeeta Chatterjee,44,Female,Unknown,Coordinator,13/06/22,123294,1,89.8,Not Promoted,Kolkata,,,1480,0,0.88,0.476590249,0.359,Low,,,
EMP0976,Nikhil Chauhan,25,Male,Operations,Analyst,29/08/18,86955,5,59.7,Not Promoted,Mumbai,,,2865,1,0.525882353,0.923797223,0.843,High,,,
EMP0977,Gaurav Gupta,29,Female,Operations,Manager,19/02/21,169530,5,58.7,Promoted,Kochi,,,1960,1,0.514117647,0.631578947,0.781,High,,,
EMP0978,Arjun Joshi,53,Female,Research & Development,Manager,10/11/25,275558,3,96.9,Promoted,Delhi,,,235,0.5,0.963529412,0.074588311,0.554,Medium,,,
EMP0979,Sachin Menon,37,Female,Customer Support,Team Lead,01/10/21,140048,3,58.1,Promoted,Bengaluru,,,1736,0.5,0.507058824,0.559250888,0.514,Medium,,,
EMP0980,Shalini Yadav,34,Male,Human Resources,Executive,07/01/19,138933,5,54.4,Promoted,Delhi,,,2734,1,0.463529412,0.881498224,0.815,High,,,
EMP1518,Priya Mishra,36,Female,Logistics,Team Lead,18/01/20,118586,3,54.9,Not Promoted,Mumbai,,,2358,0.5,0.469411765,0.76009041,0.543,Medium,,,
EMP0982,Usha Jain,42,Female,Human Resources,Manager,06/03/25,89094,3,67.1,Promoted,Kolkata,,,484,0.5,0.612941176,0.154988699,0.465,Medium,,,
EMP0983,Meera Singh,47,Female,Sales,Team Lead,03/07/18,258258,5,63.9,Not Promoted,Kochi,,,2922,1,0.575294118,0.942202131,0.861,High,,,
EMP0984,Harish Hegde,37,Male,Information Technology,Analyst,02/12/23,165138,4,85.4,Not Promoted,Kolkata,,,944,0.75,0.828235294,0.303519535,0.684,High,,,
EMP0985,Anjali Pandey,54,Male,Human Resources,Analyst,07/12/24,162596,4,99.8,Unknown,Kolkata,,,573,0.75,0.997647059,0.183726187,0.711,High,,,
EMP0986,Amit Mehta,33,Male,Human Resources,Coordinator,13/03/24,24448,4,77.5,Not Promoted,Mumbai,,,842,0.75,0.735294118,0.270584437,0.65,High,,,
EMP0987,Chirag Chauhan,38,Female,Operations,Engineer,21/03/20,178044,4,71.9,Not Promoted,Kochi,,,2295,0.75,0.669411765,0.739748143,0.724,High,,,
EMP0988,Rajan Chopra,44,Male,Customer Support,Analyst,28/08/20,43197,3,53.5,Promoted,Chennai,,,2135,0.5,0.452941176,0.688085244,0.523,Medium,,,
EMP0989,Tanvi Sinha,32,Female,Sales,Team Lead,24/11/25,162497,4,79.7,Not Promoted,Hyderabad,,,221,0.75,0.761176471,0.070067808,0.617,Medium,,,
EMP0990,Shivam Kapoor,54,Female,Administration,Analyst,21/10/18,103245,2,74.8,Not Promoted,Ahmedabad,,,2812,0.25,0.703529412,0.906683888,0.517,Medium,,,
EMP0991,Esha Verma,39,Female,Administration,Analyst,18/08/23,221849,2,57.3,Not Promoted,Ahmedabad,,,1050,0.25,0.497647059,0.337746206,0.342,Low,,,
EMP0992,Pankaj Kapoor,30,Male,Information Technology,Associate,19/02/19,229589,1,68.9,Not Promoted,Kolkata,,,2691,0,0.634117647,0.86761382,0.364,Low,,,
EMP0993,Esha Singh,45,Male,Information Technology,Executive,03/09/19,282849,1,79.7,Promoted,Coimbatore,,,2495,0,0.761176471,0.804326768,0.389,Low,,,
EMP0994,Rahul Jain,48,Male,Finance,Supervisor,25/06/22,134214,1,52.2,Not Promoted,Bengaluru,,,1469,0,0.437647059,0.473038424,0.226,Low,,,
EMP0995,Nisha Das,36,Female,Finance,Specialist,16/02/26,105260,1,91.7,Not Promoted,Mumbai,,,137,0,0.902352941,0.042944785,0.279,Low,,,
EMP0996,Sachin Gandhi,22,Male,Finance,Engineer,27/03/19,130610,5,62.3,Not Promoted,Kolkata,,,2655,1,0.556470588,0.855989667,0.838,High,,,
EMP0997,Meera Chauhan,41,Male,Administration,Consultant,17/10/22,117542,2,57.2,Promoted,Chennai,,,1355,0.25,0.496470588,0.436228608,0.361,Low,,,
EMP0998,Ananya Hegde,26,Female,Information Technology,Executive,13/05/24,280556,3,69.8,Not Promoted,Bengaluru,,,781,0.5,0.644705882,0.250887956,0.494,Medium,,,
EMP0999,Harish Gandhi,25,Female,Research & Development,Associate,04/06/24,80490,5,96.7,Not Promoted,Kochi,,,759,1,0.961176471,0.243784307,0.837,High,,,
EMP1000,Neha Iyer,53,Male,Human Resources,Executive,23/08/24,240445,4,50.8,Not Promoted,Hyderabad,,,679,0.75,0.421176471,0.217952858,0.545,Medium,,,
EMP1001,Rekha Kapoor,41,Male,Human Resources,Manager,18/09/18,20399,5,56.4,Not Promoted,Delhi,,,2845,1,0.487058824,0.917339361,0.83,High,,,
EMP1002,Shalini Patel,25,Male,Operations,Team Lead,16/03/26,145684,1,74.2,Not Promoted,Coimbatore,,,109,0,0.696470588,0.033903778,0.216,Low,,,
EMP1003,Neha Yadav,51,Male,Marketing,Associate,31/07/18,22078,2,71.3,Not Promoted,Hyderabad,,,2894,0.25,0.662352941,0.933161124,0.51,Medium,,,
EMP1004,Shivam Kapoor,44,Male,Sales,Team Lead,19/05/22,154269,2,91.3,Promoted,Coimbatore,,,1506,0.25,0.897647059,0.48498547,0.491,Medium,,,
EMP1005,Vishal Hegde,48,Female,Administration,Executive,08/03/26,177134,3,95.3,Promoted,Kolkata,,,117,0.5,0.944705882,0.036486923,0.541,Medium,,,
EMP1006,Divya Gupta,46,Female,Human Resources,Consultant,20/08/22,71634,4,77.7,Promoted,Delhi,,,1413,0.75,0.737647059,0.454956409,0.687,High,,,
EMP1007,Jai Banerjee,39,Female,Operations,Supervisor,08/08/18,81132,3,87.5,Not Promoted,Hyderabad,,,2886,0.5,0.852941176,0.930577979,0.692,High,,,
EMP1008,Jai Singh,39,Female,Finance,Associate,22/09/23,236159,3,71.4,Not Promoted,Kochi,,,1015,0.5,0.663529412,0.326444947,0.514,Medium,,,
EMP1009,Sangeeta Desai,22,Male,Finance,Consultant,19/07/23,61340,1,81.2,Not Promoted,Kochi,,,1080,0,0.778823529,0.347433,0.303,Low,,,
EMP1010,Hemant Kulkarni,32,Female,Finance,Supervisor,16/01/25,121501,3,91.8,Promoted,Coimbatore,,,533,0.5,0.903529412,0.170810462,0.555,Medium,,,
EMP1011,Swati Rajan,26,Female,Sales,Team Lead,23/09/18,170203,1,75.7,Not Promoted,Hyderabad,,,2840,0,0.714117647,0.915724895,0.397,Low,,,
EMP1012,Vinay Kumar,32,Male,Marketing,Supervisor,06/11/23,152978,5,88.4,Not Promoted,Ahmedabad,,,970,1,0.863529412,0.311914756,0.821,High,,,
EMP1013,Pankaj Mehta,24,Female,Sales,Manager,29/10/24,72951,2,54.8,Not Promoted,Pune,,,612,0.25,0.468235294,0.196319018,0.305,Low,,,
EMP1014,Nisha Rajan,39,Female,Sales,Consultant,17/08/18,156229,1,62.2,Promoted,Delhi,,,2877,0,0.555294118,0.927671941,0.352,Low,,,
EMP1016,Neha Jain,58,Female,Customer Support,Analyst,08/04/22,98967,4,89.4,Not Promoted,Kolkata,,,1547,0.75,0.875294118,0.498224088,0.737,High,,,
EMP1505,Harish Menon,41,Female,Marketing,Specialist,09/08/25,182152,4,58.5,Not Promoted,Pune,,,328,0.75,0.511764706,0.104617372,0.549,Medium,,,
EMP1018,Usha Naik,53,Female,Administration,Engineer,25/08/24,180087,1,50.7,Not Promoted,Bengaluru,,,677,0,0.42,0.217307071,0.169,Low,,,
EMP1019,Rekha Gupta,24,Male,Operations,Manager,21/02/18,126141,3,74.1,Promoted,Bengaluru,,,3054,0.5,0.695294118,0.984824023,0.656,High,,,
EMP1020,Vikram Bose,23,Female,Operations,Specialist,25/11/21,95374,2,62.5,Promoted,Chennai,,,1681,0.25,0.558823529,0.541491766,0.401,Low,,,
EMP1021,Seema Bhatt,33,Male,Marketing,Consultant,26/11/19,181288,2,79.7,Not Promoted,Delhi,,,2411,0.25,0.761176471,0.777203746,0.509,Medium,,,
EMP1023,Chirag Iyer,39,Male,Research & Development,Analyst,31/08/23,297483,5,51.6,Promoted,Hyderabad,,,1037,1,0.430588235,0.333548595,0.696,High,,,
EMP1025,Zara Gandhi,43,Female,Customer Support,Associate,06/02/18,95556,1,93,Not Promoted,Bengaluru,,,3069,0,0.917647059,0.98966742,0.473,Medium,,,
EMP1026,Hemant Iyer,36,Female,Finance,Team Lead,22/01/21,191038,3,62.1,Promoted,Pune,,,1988,0.5,0.554117647,0.640619955,0.544,Medium,,,
EMP1027,Sachin Chauhan,22,Female,Human Resources,Supervisor,21/01/22,241964,1,81.2,Not Promoted,Delhi,,,1624,0,0.778823529,0.523086858,0.338,Low,,,
EMP1028,Rajan Chatterjee,22,Female,Human Resources,Consultant,07/06/23,133878,4,74.4,Not Promoted,Chennai,,,1122,0.75,0.698823529,0.360994511,0.657,High,,,
EMP1029,Farhan Gandhi,35,Male,Human Resources,Engineer,23/06/20,94040,5,77.3,Not Promoted,Kolkata,,,2201,1,0.732941176,0.70939619,0.862,High,,,
EMP1030,Shalini Pandey,28,Male,Information Technology,Coordinator,21/08/23,234506,1,73.8,Promoted,Delhi,,,1047,0,0.691764706,0.336777527,0.275,Low,,,
EMP1031,Akash Sinha,57,Male,Logistics,Team Lead,14/04/20,254552,2,97.8,Promoted,Hyderabad,,,2271,0.25,0.974117647,0.731998708,0.564,Medium,,,
EMP1032,Priya Pillai,47,Female,Information Technology,Associate,26/10/18,34166,4,74.9,Promoted,Mumbai,,,2807,0.75,0.704705882,0.905069422,0.767,High,,,
EMP1033,Manish Kapoor,31,Female,Operations,Executive,25/08/24,68294,3,86.9,Promoted,Delhi,,,677,0.5,0.845882353,0.217307071,0.547,Medium,,,
EMP1034,Jai Sharma,49,Female,Sales,Consultant,16/10/25,106311,4,77.8,Promoted,Delhi,,,260,0.75,0.738823529,0.082660639,0.613,Medium,,,
EMP1519,Radha Shah,46,Male,Finance,Manager,06/04/25,274858,5,74.8,Not Promoted,Ahmedabad,,,453,1,0.703529412,0.144979012,0.74,High,,,
EMP1036,Vikram Chauhan,47,Male,Human Resources,Manager,22/04/20,104683,4,85.7,Promoted,Ahmedabad,,,2263,0.75,0.831764706,0.729415563,0.77,High,,,
EMP1037,Vikram Chatterjee,43,Female,Logistics,Specialist,21/12/18,261610,5,87.1,Not Promoted,Kochi,,,2751,1,0.848235294,0.886987407,0.932,High,,,
EMP1038,Gitanjali Rajan,48,Female,Logistics,Specialist,25/10/24,243454,3,94.7,Not Promoted,Hyderabad,,,616,0.5,0.937647059,0.197610591,0.571,Medium,,,
EMP1039,Lakshmi Mishra,25,Male,Finance,Supervisor,06/07/21,129525,4,70.9,Not Promoted,Coimbatore,,,1823,0.75,0.657647059,0.58734259,0.69,High,,,
EMP1040,Mohan Menon,50,Female,Research & Development,Analyst,01/02/22,233720,4,51.7,Not Promoted,Ahmedabad,,,1613,0.75,0.431764706,0.519535034,0.608,Medium,,,
EMP1041,Vijay Gandhi,29,Female,Customer Support,Consultant,04/02/24,38235,3,51.4,Not Promoted,Pune,,,880,0.5,0.428235294,0.282854375,0.435,Low,,,
EMP1042,Arun Pillai,30,Female,Information Technology,Manager,18/01/24,34375,4,76.6,Not Promoted,Mumbai,,,897,0.75,0.724705882,0.288343558,0.65,High,,,
EMP1043,Jai Krishnan,40,Male,Operations,Engineer,23/03/23,250621,5,63.3,Promoted,Ahmedabad,,,1198,1,0.568235294,0.385534388,0.748,High,,,
EMP1044,Usha Chatterjee,44,Male,Sales,Specialist,01/08/21,162596,5,81.4,Not Promoted,Bengaluru,,,1797,1,0.781176471,0.578947368,0.85,High,,,
EMP1045,Pooja Agarwal,45,Unknown,Marketing,Consultant,17/12/21,231842,4,69,Promoted,Coimbatore,,,1659,0.75,0.635294118,0.534388118,0.672,High,,,
EMP1046,Indira Naik,39,Female,Information Technology,Specialist,05/01/25,261803,3,96.3,Promoted,Kochi,,,544,0.5,0.956470588,0.174362286,0.572,Medium,,,
EMP1047,Rajan Shah,39,Male,Information Technology,Engineer,13/06/19,178965,3,61.4,Not Promoted,Pune,,,2577,0.5,0.545882353,0.830804004,0.58,Medium,,,
EMP1048,Nisha Kumar,60,Male,Customer Support,Team Lead,19/11/20,84774,3,97.8,Not Promoted,Kolkata,,,2052,0.5,0.974117647,0.661285115,0.674,High,,,
EMP1049,Shivam Iyer,58,Female,Logistics,Team Lead,18/09/25,106462,1,78.5,Promoted,Delhi,,,288,0,0.747058824,0.091701647,0.242,Low,,,
EMP1050,Jai Patel,40,Female,Logistics,Consultant,03/03/20,296751,4,55.7,Not Promoted,Delhi,,,2313,0.75,0.478823529,0.74556022,0.668,High,,,
EMP1051,Nisha Sinha,25,Male,Administration,Engineer,23/03/19,41455,1,79.1,Not Promoted,Kochi,,,2659,0,0.754117647,0.85728124,0.398,Low,,,
EMP1052,Manish Tiwari,50,Female,Human Resources,Analyst,06/11/24,110319,5,81.7,Not Promoted,Pune,,,604,1,0.784705882,0.193735873,0.774,High,,,
EMP1053,Manish Mukherjee,28,Male,Logistics,Manager,19/09/24,169955,5,55.8,Unknown,Hyderabad,,,652,1,0.48,0.209234743,0.686,High,,,
EMP1054,Deepak Lal,46,Female,Logistics,Executive,31/03/20,119190,4,89.1,Not Promoted,Pune,,,2285,0.75,0.871764706,0.736519212,0.784,High,,,
EMP1055,Meera Hegde,45,Male,Operations,Analyst,20/09/23,226744,3,58.6,Not Promoted,Bengaluru,,,1017,0.5,0.512941176,0.327090733,0.469,Medium,,,
EMP1056,Rahul Kapoor,38,Male,Sales,Specialist,26/05/18,203799,4,74.8,Not Promoted,Coimbatore,,,2960,0.75,0.703529412,0.95447207,0.777,High,,,
EMP1058,Arjun Bhatt,30,Male,Customer Support,Coordinator,13/12/24,129673,1,71.1,Not Promoted,Chennai,,,567,0,0.66,0.181788828,0.234,Low,,,
EMP1059,Vijay Desai,30,Female,Human Resources,Coordinator,06/05/21,52455,2,51.8,Not Promoted,Coimbatore,,,1884,0.25,0.432941176,0.60703907,0.376,Low,,,
EMP1354,Swati Gandhi,38,Female,Sales,Specialist,06/11/23,288827,1,92.1,Not Promoted,Ahmedabad,,,970,0,0.907058824,0.311914756,0.335,Low,,,
EMP1061,Deepak Sharma,56,Male,Logistics,Team Lead,22/07/23,268640,5,93.9,Not Promoted,Kolkata,,,1077,1,0.928235294,0.34646432,0.848,High,,,
EMP1062,Sachin Banerjee,33,Female,Human Resources,Coordinator,21/11/22,49459,5,97.4,Promoted,Pune,,,1320,1,0.969411765,0.424927349,0.876,High,,,
EMP1063,Aditya Agarwal,60,Female,Marketing,Engineer,26/09/18,175566,2,95.9,Not Promoted,Coimbatore,,,2837,0.25,0.951764706,0.914756216,0.593,Medium,,,
EMP1064,Priya Reddy,42,Female,Finance,Engineer,23/10/21,94169,3,79.6,Not Promoted,Coimbatore,,,1714,0.5,0.76,0.552147239,0.588,Medium,,,
EMP1065,Shivam Tiwari,27,Male,Sales,Executive,13/11/23,144480,3,82.8,Promoted,Pune,,,963,0.5,0.797647059,0.309654504,0.551,Medium,,,
EMP1066,Divya Iyer,49,Male,Finance,Executive,20/04/24,174290,4,98.8,Not Promoted,Mumbai,,,804,0.75,0.985882353,0.258314498,0.722,High,,,
EMP1067,Swati Rao,49,Female,Finance,Supervisor,28/10/23,123681,2,72,Promoted,Coimbatore,,,979,0.25,0.670588235,0.314820794,0.389,Low,,,
EMP1068,Aarav Lal,41,Female,Logistics,Executive,04/08/25,39774,1,88.2,Not Promoted,Pune,,,333,0,0.861176471,0.106231837,0.28,Low,,,
EMP1069,Rohit Kumar,32,Male,Logistics,Team Lead,13/09/23,186352,4,90.7,Promoted,Pune,,,1024,0.75,0.890588235,0.329350985,0.708,High,,,
EMP1070,Pooja Rajan,49,Female,Research & Development,Associate,07/10/22,129867,2,84.6,Not Promoted,Kochi,,,1365,0.25,0.818823529,0.43945754,0.459,Medium,,,
EMP1071,Deepa Desai,36,Female,Marketing,Supervisor,14/03/24,296968,1,94.9,Promoted,Kochi,,,841,0,0.94,0.270261543,0.336,Low,,,
EMP1072,Chirag Verma,23,Female,Sales,Team Lead,13/04/25,162596,3,88.2,Not Promoted,Kolkata,,,446,0.5,0.861176471,0.14271876,0.537,Medium,,,
EMP1073,Rahul Lal,25,Male,Operations,Analyst,27/07/24,288127,2,88.6,Promoted,Kochi,,,706,0.25,0.865882353,0.226670972,0.43,Low,,,
EMP1074,Neha Agarwal,45,Male,Administration,Engineer,12/02/21,209490,5,89.8,Not Promoted,Chennai,,,1967,1,0.88,0.633839199,0.891,High,,,
EMP1075,Suresh Nair,50,Male,Operations,Consultant,07/11/24,146857,1,50,Not Promoted,Coimbatore,,,603,0,0.411764706,0.19341298,0.162,Low,,,
EMP1076,Lakshmi Gandhi,50,Female,Customer Support,Specialist,19/04/22,88741,4,99.1,Not Promoted,Kolkata,,,1536,0.75,0.989411765,0.494672263,0.771,High,,,
EMP1077,Amit Chopra,41,Female,Logistics,Consultant,01/06/23,108516,2,83.6,Not Promoted,Bengaluru,,,1128,0.25,0.807058824,0.36293187,0.44,Low,,,
EMP1078,Sanjay Pandey,53,Male,Logistics,Consultant,10/04/23,162596,4,89.6,Not Promoted,Mumbai,,,1180,0.75,0.877647059,0.379722312,0.714,High,,,
EMP1079,Esha Iyer,57,Male,Customer Support,Consultant,15/02/22,175611,3,93.2,Promoted,Kolkata,,,1599,0.5,0.92,0.51501453,0.629,Medium,,,
EMP1080,Mohan Patel,41,Female,Marketing,Team Lead,13/08/23,260493,3,67.1,Not Promoted,Chennai,,,1055,0.5,0.612941176,0.339360672,0.502,Medium,,,
EMP1081,Pooja Hegde,50,Male,Finance,Supervisor,14/08/23,185365,4,94.1,Not Promoted,Kochi,,,1054,0.75,0.930588235,0.339037778,0.722,High,,,
EMP1082,Harish Bose,48,Male,Research & Development,Executive,02/04/19,37218,5,87.2,Promoted,Pune,,,2649,1,0.849411765,0.854052309,0.926,High,,,
EMP1083,Komal Gupta,34,Male,Administration,Team Lead,12/05/21,179531,5,56.4,Not Promoted,Bengaluru,,,1878,1,0.487058824,0.605101711,0.767,High,,,
EMP1084,Komal Rajan,28,Female,Human Resources,Coordinator,12/08/18,78169,4,98,Promoted,Pune,,,2882,0.75,0.976470588,0.929286406,0.854,High,,,
EMP1085,Sunita Joshi,43,Female,Research & Development,Manager,12/10/24,102324,5,54.4,Not Promoted,Hyderabad,,,629,1,0.463529412,0.201808201,0.679,High,,,
EMP1086,Pankaj Banerjee,49,Male,Marketing,Associate,26/03/20,20962,5,82.1,Not Promoted,Coimbatore,,,2290,1,0.789411765,0.738133678,0.884,High,,,
EMP1087,Sangeeta Tiwari,52,Female,Finance,Specialist,13/12/18,295347,1,82.5,Not Promoted,Hyderabad,,,2759,0,0.794117647,0.889570552,0.416,Low,,,
EMP1088,Bhavna Chatterjee,25,Female,Customer Support,Executive,01/08/20,142484,5,70.1,Not Promoted,Mumbai,,,2162,1,0.648235294,0.696803358,0.834,High,,,
EMP1089,Akash Rao,60,Female,Information Technology,Associate,28/07/25,172996,4,88.6,Not Promoted,Ahmedabad,,,340,0.75,0.865882353,0.108492089,0.656,High,,,
EMP1090,Lokesh Lal,24,Female,Human Resources,Team Lead,21/04/23,211572,5,66.4,Not Promoted,Ahmedabad,,,1169,1,0.604705882,0.376170488,0.757,High,,,
EMP1091,Akash Iyer,58,Female,Operations,Analyst,07/05/23,161065,5,80.6,Not Promoted,Kochi,,,1153,1,0.771764706,0.371004198,0.806,High,,,
EMP1092,Ananya Kulkarni,23,Female,Customer Support,Analyst,28/02/20,219053,1,84.8,Promoted,Kolkata,,,2317,0,0.821176471,0.746851792,0.396,Low,,,
EMP1093,Zara Mehta,51,Female,Operations,Manager,05/02/25,283754,2,76.2,Not Promoted,Bengaluru,,,513,0.25,0.72,0.164352599,0.374,Low,,,
EMP1094,Harish Naik,50,Female,Administration,Engineer,14/06/18,299596,2,91,Not Promoted,Coimbatore,,,2941,0.25,0.894117647,0.9483371,0.583,Medium,,,
EMP1095,Usha Pandey,51,Male,Operations,Coordinator,10/09/25,59375,5,65,Not Promoted,Hyderabad,,,296,1,0.588235294,0.094284792,0.695,High,,,
EMP1096,Seema Chopra,58,Female,Human Resources,Analyst,06/05/26,281887,1,88,Promoted,Kochi,,,58,0,0.858823529,0.017436229,0.261,Low,,,
EMP1097,Hemant Pillai,22,Female,Human Resources,Manager,14/04/24,35287,3,74.8,Not Promoted,Chennai,,,810,0.5,0.703529412,0.260251857,0.513,Medium,,,
EMP1098,Anjali Gupta,33,Male,Marketing,Associate,07/10/20,188575,1,96.8,Not Promoted,Pune,,,2095,0,0.962352941,0.675169519,0.424,Low,,,
EMP1099,Esha Bose,47,Male,Sales,Consultant,01/12/24,186083,1,57,Promoted,Kochi,,,579,0,0.494117647,0.185663545,0.185,Low,,,
EMP1100,Neha Chauhan,32,Male,Human Resources,Supervisor,05/09/23,195350,2,89.5,Not Promoted,Pune,,,1032,0.25,0.876470588,0.33193413,0.454,Low,,,
EMP1101,Chirag Kulkarni,24,Female,Marketing,Specialist,27/05/23,256896,4,66.7,Not Promoted,Kolkata,,,1133,0.75,0.608235294,0.364546335,0.63,Medium,,,
EMP1102,Chirag Lal,30,Male,Information Technology,Coordinator,20/06/26,60198,5,51.6,Not Promoted,Mumbai,,,13,1,0.430588235,0.002906038,0.63,Medium,,,
EMP1103,Sunita Bhatt,33,Male,Sales,Engineer,18/08/25,297417,5,98.2,Not Promoted,Chennai,,,319,1,0.978823529,0.101711334,0.814,High,,,
EMP1104,Usha Kulkarni,23,Female,Research & Development,Coordinator,10/02/21,145395,1,92.2,Not Promoted,Mumbai,,,1969,0,0.908235294,0.634484985,0.399,Low,,,
EMP1105,Rohit Yadav,49,Female,Sales,Executive,16/05/22,228667,2,54.8,Promoted,Chennai,,,1509,0.25,0.468235294,0.485954149,0.363,Low,,,
EMP1106,Esha Hegde,51,Female,Human Resources,Team Lead,20/10/20,136025,2,72,Not Promoted,Chennai,,,2082,0.25,0.670588235,0.670971908,0.46,Medium,,,
EMP1107,Gitanjali Agarwal,22,Male,Marketing,Executive,05/08/19,147772,2,85.9,Promoted,Ahmedabad,,,2524,0.25,0.834117647,0.813690668,0.538,Medium,,,
EMP1108,Madhuri Hegde,43,Female,Logistics,Manager,07/04/24,168366,3,94.2,Not Promoted,Chennai,,,817,0.5,0.931764706,0.262512108,0.582,Medium,,,
EMP1109,Madhuri Lal,48,Male,Logistics,Associate,22/08/20,248435,4,74.9,Promoted,Ahmedabad,,,2141,0.75,0.704705882,0.690022603,0.724,High,,,
EMP1110,Farhan Menon,48,Male,Research & Development,Executive,27/05/20,252063,1,66.9,Promoted,Hyderabad,,,2228,0,0.610588235,0.718114304,0.327,Low,,,
EMP1111,Sangeeta Bose,58,Male,Administration,Engineer,11/11/21,74956,1,99.2,Promoted,Bengaluru,,,1695,0,0.990588235,0.54601227,0.406,Low,,,
EMP1112,Lakshmi Desai,35,Female,Finance,Manager,02/07/22,45601,1,74.8,Promoted,Kochi,,,1462,0,0.703529412,0.470778172,0.305,Low,,,
EMP1113,Ramesh Verma,25,Female,Customer Support,Specialist,03/08/21,140471,1,85.1,Promoted,Mumbai,,,1795,0,0.824705882,0.578301582,0.363,Low,,,
EMP1114,Jai Reddy,31,Female,Logistics,Analyst,31/12/22,64489,2,88.7,Not Promoted,Delhi,,,1280,0.25,0.867058824,0.412011624,0.468,Medium,,,
EMP1115,Harish Bhatt,28,Male,Marketing,Coordinator,22/08/25,147991,1,87.5,Not Promoted,Pune,,,315,0,0.852941176,0.100419761,0.276,Low,,,
EMP1116,Deepa Bhatt,31,Male,Operations,Specialist,11/05/25,158966,1,62.1,Not Promoted,Chennai,,,418,0,0.554117647,0.133677753,0.193,Low,,,
EMP1117,Sachin Banerjee,29,Male,Administration,Consultant,29/01/21,206207,5,83.5,Promoted,Kolkata,,,1981,1,0.805882353,0.638359703,0.869,High,,,
EMP1118,Amit Sinha,59,Female,Unknown,Manager,17/09/24,127710,1,74.7,Promoted,Kochi,,,654,0,0.702352941,0.20988053,0.253,Low,,,
EMP1119,Arun Iyer,22,Female,Logistics,Manager,01/03/19,249746,5,15,Not Promoted,Chennai,,,2681,1,0,0.864384889,0.673,High,,,
EMP1120,Tanvi Kumar,50,Male,Administration,Coordinator,19/12/22,217138,2,86.5,Unknown,Kochi,,,1292,0.25,0.841176471,0.415886342,0.461,Medium,,,
EMP1121,Arjun Pandey,45,Male,Marketing,Specialist,09/11/24,80151,5,73.5,Not Promoted,Kochi,,,601,1,0.688235294,0.192767194,0.745,High,,,
EMP1122,Tanvi Iyer,60,Female,Finance,Analyst,23/12/24,228202,1,81.4,Not Promoted,Mumbai,,,557,0,0.781176471,0.178559897,0.27,Low,,,
EMP1123,Amit Sharma,26,Male,Finance,Supervisor,10/08/24,24341,5,60.8,Not Promoted,Mumbai,,,692,1,0.538823529,0.222150468,0.706,High,,,
EMP1124,Arjun Mehta,44,Male,Research & Development,Engineer,18/11/20,189884,3,54.1,Promoted,Bengaluru,,,2053,0.5,0.46,0.661608008,0.52,Medium,,,
EMP1125,Shivam Sinha,46,Female,Marketing,Specialist,31/07/25,281608,3,68.9,Promoted,Kolkata,,,337,0.5,0.634117647,0.10752341,0.462,Medium,,,
EMP1126,Priya Das,50,Male,Logistics,Analyst,29/01/22,112099,2,97.1,Not Promoted,Coimbatore,,,1616,0.25,0.965882353,0.520503713,0.519,Medium,,,
EMP1127,Anjali Nair,46,Male,Marketing,Analyst,13/10/25,172400,3,58.4,Promoted,Hyderabad,,,263,0.5,0.510588235,0.083629319,0.42,Low,,,
EMP1128,Akash Naik,49,Female,Sales,Team Lead,25/01/24,99529,3,86.9,Promoted,Coimbatore,,,890,0.5,0.845882353,0.286083306,0.561,Medium,,,
EMP1129,Seema Nair,58,Female,Sales,Consultant,13/06/22,49934,2,97.3,Not Promoted,Kolkata,,,1480,0.25,0.968235294,0.476590249,0.511,Medium,,,
EMP1130,Shivam Yadav,59,Female,Operations,Team Lead,14/08/21,231762,2,98,Not Promoted,Delhi,,,1784,0.25,0.976470588,0.574749758,0.533,Medium,,,
EMP1131,Bhavna Malhotra,47,Male,Operations,Coordinator,11/11/24,240448,1,50.4,Promoted,Hyderabad,,,599,0,0.416470588,0.192121408,0.163,Low,,,
EMP1132,Seema Pandey,56,Female,Information Technology,Engineer,20/02/23,148587,5,88.1,Not Promoted,Mumbai,,,1229,1,0.86,0.395544075,0.837,High,,,
EMP1133,Divya Gandhi,38,Male,Human Resources,Team Lead,18/03/23,255858,5,62.4,Not Promoted,Coimbatore,,,1203,1,0.557647059,0.387148854,0.745,High,,,
EMP1134,Bhavna Pandey,31,Male,Finance,Coordinator,01/12/20,142967,5,67.4,Promoted,Hyderabad,,,2040,1,0.616470588,0.657410397,0.816,High,,,
EMP1520,Nisha Desai,43,Female,Administration,Team Lead,25/08/20,34929,2,57.4,Not Promoted,Pune,,,2138,0.25,0.498823529,0.689053923,0.412,Low,,,
EMP1136,Bhavna Sinha,36,Male,Sales,Coordinator,02/07/24,282086,1,91.3,Not Promoted,Mumbai,,,731,0,0.897647059,0.2347433,0.316,Low,,,
EMP1137,Radha Kulkarni,31,Female,Sales,Consultant,25/01/21,125248,3,59.1,Promoted,Mumbai,,,1985,0.5,0.518823529,0.639651275,0.534,Medium,,,
EMP1138,Rohit Gupta,50,Female,Marketing,Specialist,19/06/22,999999,2,82.9,Not Promoted,Pune,,,1475,0.25,0.798823529,0.474975783,0.46,Medium,,,
EMP1139,Shalini Nair,36,Female,Customer Support,Supervisor,19/06/24,258141,4,90.3,Promoted,Pune,,,744,0.75,0.885882353,0.238940911,0.689,High,,,
EMP1140,Komal Pillai,28,Female,Information Technology,Team Lead,15/08/19,248071,3,53.5,Promoted,Kochi,,,2514,0.5,0.452941176,0.810461737,0.548,Medium,,,
EMP1141,Nisha Krishnan,53,Male,Administration,Consultant,13/04/21,161938,1,58.7,Promoted,Kochi,,,1907,0,0.514117647,0.614465612,0.277,Low,,,
EMP1142,Vishal Menon,41,Female,Customer Support,Consultant,03/01/20,216229,2,94.7,Not Promoted,Hyderabad,,,2373,0.25,0.937647059,0.764933807,0.559,Medium,,,
EMP1143,Shreya Das,37,Female,Sales,Supervisor,21/12/19,55749,2,82.5,Not Promoted,Mumbai,,,2386,0.25,0.794117647,0.769131418,0.517,Medium,,,
EMP1144,Madhuri Rajan,38,Female,Human Resources,Supervisor,23/12/25,284191,3,53.9,Promoted,Kolkata,,,192,0.5,0.457647059,0.060703907,0.399,Low,,,
EMP1145,Vijay Sinha,41,Female,Information Technology,Supervisor,03/09/25,153472,4,75.3,Not Promoted,Kochi,,,303,0.75,0.709411765,0.096545044,0.607,Medium,,,
EMP1146,Deepak Verma,52,Female,Research & Development,Engineer,15/08/23,121341,2,63.2,Not Promoted,Kolkata,,,1053,0.25,0.567058824,0.338714885,0.363,Low,,,
EMP1147,Kiran Menon,40,Male,Research & Development,Executive,23/05/23,271174,2,97.7,Not Promoted,Chennai,,,1137,0.25,0.972941176,0.365837908,0.49,Medium,,,
EMP1508,Vikram Mehta,38,Female,Human Resources,Associate,27/01/20,231675,1,88.7,Not Promoted,Bengaluru,,,2349,0,0.867058824,0.757184372,0.412,Low,,,
EMP1149,Anjali Sharma,40,Female,Administration,Associate,27/01/20,49403,3,93.7,Not Promoted,Kolkata,,,2349,0.5,0.925882353,0.757184372,0.679,High,,,
EMP1150,Neha Mehta,27,Female,Marketing,Team Lead,20/03/25,106532,5,76.1,Not Promoted,Delhi,,,470,1,0.718823529,0.150468195,0.746,High,,,
EMP1151,Priya Hegde,21,Female,Research & Development,Executive,28/01/26,28414,2,92.1,Promoted,Kolkata,,,156,0.25,0.907058824,0.049079755,0.407,Low,,,
EMP1152,Neha Bose,47,Female,Research & Development,Consultant,26/03/26,162596,3,80.2,Promoted,Bengaluru,,,99,0.5,0.767058824,0.030674847,0.486,Medium,,,
EMP1153,Jai Pillai,45,Female,Finance,Consultant,16/09/24,249706,2,64.5,Not Promoted,Delhi,,,655,0.25,0.582352941,0.210203423,0.342,Low,,,
EMP1154,Sachin Agarwal,42,Male,Human Resources,Consultant,28/10/25,109830,2,63.3,Not Promoted,Hyderabad,,,248,0.25,0.568235294,0.078785922,0.311,Low,,,
EMP1155,Jai Jain,23,Male,Human Resources,Coordinator,23/10/20,159154,2,66.1,Promoted,Mumbai,,,2079,0.25,0.601176471,0.670003229,0.439,Low,,,
EMP1156,Arjun Bhatt,29,Female,Sales,Specialist,19/09/20,162596,1,57,Not Promoted,Chennai,,,2113,0,0.494117647,0.680981595,0.284,Low,,,
EMP1158,Rekha Iyer,28,Male,Marketing,Consultant,26/10/22,116969,4,73.3,Promoted,Delhi,,,1346,0.75,0.685882353,0.43332257,0.667,High,,,
EMP1521,Rajan Chopra,42,Male,Sales,Associate,22/09/25,196678,3,94.5,Not Promoted,Kochi,,,284,0.5,0.935294118,0.090410074,0.549,Medium,,,
EMP1160,Lokesh Chopra,46,Female,Operations,Engineer,20/08/22,96654,1,96.1,Promoted,Coimbatore,,,1413,0,0.954117647,0.454956409,0.377,Low,,,
EMP1161,Manish Sharma,30,Male,Human Resources,Consultant,12/07/22,168197,2,89.6,Unknown,Kochi,,,1452,0.25,0.877647059,0.467549241,0.482,Medium,,,
EMP1162,Deepak Bose,52,Male,Customer Support,Consultant,14/01/23,50631,2,50.8,Promoted,Hyderabad,,,1266,0.25,0.421176471,0.40749112,0.333,Low,,,
EMP1163,Vijay Verma,41,Male,Research & Development,Executive,31/07/25,259748,4,74.8,Not Promoted,Kochi,,,337,0.75,0.703529412,0.10752341,0.608,Medium,,,
EMP1273,Anjali Kumar,31,Female,Information Technology,Coordinator,12/06/25,73073,5,86.6,Not Promoted,Delhi,,,386,1,0.842352941,0.123345173,0.777,High,,,
EMP1506,Sunita Mukherjee,35,Female,Finance,Engineer,13/05/25,162596,4,98.7,Promoted,Pune,,,416,0.75,0.984705882,0.133031966,0.697,High,,,
EMP1166,Bhavna Malhotra,49,Female,Information Technology,Consultant,09/02/24,70069,2,65.4,Promoted,Bengaluru,,,875,0.25,0.592941176,0.28123991,0.359,Low,,,
EMP1167,Gitanjali Bhatt,50,Female,Finance,Specialist,08/04/26,167334,4,74.8,Promoted,Delhi,,,86,0.75,0.703529412,0.026477236,0.591,Medium,,,
EMP1168,Gaurav Malhotra,50,Female,Research & Development,Coordinator,12/08/25,60625,2,68.9,Not Promoted,Ahmedabad,,,325,0.25,0.634117647,0.103648692,0.336,Low,,,
EMP1169,Hemant Naik,22,Male,Information Technology,Supervisor,30/11/20,148286,5,76.5,Not Promoted,Bengaluru,,,2041,1,0.723529412,0.65773329,0.849,High,,,
EMP1170,Vikram Patel,37,Male,Customer Support,Specialist,23/02/25,183292,3,95.5,Promoted,Kochi,,,495,0.5,0.947058824,0.158540523,0.566,Medium,,,
EMP1171,Geeta Pillai,50,Male,Operations,Manager,16/10/20,214744,2,63.5,Not Promoted,Bengaluru,,,2086,0.25,0.570588235,0.672263481,0.431,Low,,,
EMP1172,Pankaj Agarwal,53,Female,Research & Development,Specialist,17/12/23,266129,3,97.3,Not Promoted,Coimbatore,,,929,0.5,0.968235294,0.298676138,0.6,Medium,,,
EMP1173,Deepak Joshi,33,Female,Information Technology,Supervisor,04/05/26,286026,2,68.3,Not Promoted,Bengaluru,,,60,0.25,0.627058824,0.018082015,0.317,Low,,,
EMP1174,Nisha Sinha,35,Female,Marketing,Consultant,19/01/26,236372,3,72.5,Promoted,Chennai,,,165,0.5,0.676470588,0.051985793,0.463,Medium,,,
EMP1175,Kiran Pillai,29,Male,Finance,Team Lead,06/12/23,97510,5,74.7,Promoted,Kolkata,,,940,1,0.702352941,0.302227963,0.771,High,,,
EMP1176,Gaurav Tiwari,45,Male,Marketing,Consultant,18/06/25,259592,3,45,Not Promoted,Ahmedabad,,,380,0.5,0.352941176,0.121407814,0.38,Low,,,
EMP1177,Harish Sinha,22,Female,Research & Development,Specialist,30/01/26,130830,3,52.3,Promoted,Mumbai,,,154,0.5,0.438823529,0.048433968,0.391,Low,,,
EMP1178,Chirag Kapoor,39,Female,Logistics,Team Lead,12/09/24,261471,4,89.4,Not Promoted,Mumbai,,,659,0.75,0.875294118,0.211494995,0.68,High,,,
EMP1179,Meera Reddy,44,Female,Information Technology,Supervisor,27/09/22,248799,2,87,Promoted,Pune,,,1375,0.25,0.847058824,0.442686471,0.468,Medium,,,
EMP1180,Chirag Jain,24,Female,Operations,Specialist,17/03/21,195498,3,81.8,Not Promoted,Ahmedabad,,,1934,0.5,0.785882353,0.623183726,0.61,Medium,,,
EMP1181,Priya Naik,56,Female,Finance,Team Lead,07/03/21,249257,4,79.9,Promoted,Coimbatore,,,1944,0.75,0.763529412,0.626412657,0.729,High,,,
EMP1182,Nikhil Chopra,35,Female,Research & Development,Engineer,12/03/24,121276,5,90.9,Not Promoted,Kochi,,,843,1,0.892941176,0.27090733,0.822,High,,,
EMP1183,Madhuri Chopra,49,Male,Customer Support,Manager,03/08/20,27102,3,69.2,Not Promoted,Kochi,,,2160,0.5,0.637647059,0.696157572,0.581,Medium,,,
EMP1184,Mohan Pillai,28,Male,Administration,Manager,03/01/24,242500,2,97.5,Not Promoted,Ahmedabad,,,912,0.25,0.970588235,0.293186955,0.475,Medium,,,
EMP1185,Shreya Shah,21,Male,Human Resources,Executive,30/04/24,193950,4,96.6,Promoted,Kochi,,,794,0.75,0.96,0.255085567,0.714,High,,,
EMP1186,Divya Malhotra,23,Male,Customer Support,Associate,17/01/23,167912,1,72.8,Not Promoted,Pune,,,1263,0,0.68,0.406522441,0.285,Low,,,
EMP1187,Shreya Jain,42,Female,Logistics,Consultant,16/03/25,138938,2,52,Promoted,Coimbatore,,,474,0.25,0.435294118,0.151759768,0.286,Low,,,
EMP1188,Arun Banerjee,54,Female,Finance,Coordinator,29/06/21,56158,2,62.2,Not Promoted,Chennai,,,1830,0.25,0.555294118,0.589602841,0.41,Low,,,
EMP1189,Indira Lal,24,Male,Logistics,Team Lead,27/04/21,86994,3,94.9,Not Promoted,Kochi,,,1893,0.5,0.94,0.609945108,0.654,High,,,
EMP1190,Swati Mehta,35,Male,Sales,Executive,07/05/23,72059,1,99,Not Promoted,Ahmedabad,,,1153,0,0.988235294,0.371004198,0.371,Low,,,
EMP1191,Jai Pillai,48,Male,Finance,Supervisor,23/10/22,162596,1,64,Not Promoted,Kolkata,,,1349,0,0.576470588,0.43429125,0.26,Low,,,
EMP1192,Shivam Verma,26,Male,Operations,Associate,04/10/20,60032,2,69.3,Not Promoted,Mumbai,,,2098,0.25,0.638823529,0.676138198,0.452,Low,,,
EMP1193,Rajan Chauhan,38,Female,Finance,Executive,28/06/23,162596,3,72.2,Promoted,Mumbai,,,1101,0.5,0.672941176,0.354213755,0.523,Medium,,,
EMP1194,Sangeeta Chopra,23,Female,Sales,Engineer,24/07/18,167330,2,71.2,Not Promoted,Pune,,,2901,0.25,0.661176471,0.935421376,0.51,Medium,,,
EMP1195,Lokesh Desai,54,Male,Marketing,Coordinator,24/11/25,55947,2,52.7,Not Promoted,Kolkata,,,221,0.25,0.443529412,0.070067808,0.272,Low,,,
EMP1196,Madhuri Chauhan,40,Female,Customer Support,Team Lead,22/10/19,187605,1,82.3,Not Promoted,Kolkata,,,2446,0,0.791764706,0.788505005,0.395,Low,,,
EMP1197,Mohan Mishra,26,Male,Sales,Specialist,13/10/23,20701,4,84.1,Not Promoted,Hyderabad,,,994,0.75,0.812941176,0.319664191,0.683,High,,,
EMP1198,Aarav Naik,36,Female,Sales,Team Lead,17/02/23,147026,4,58.9,Not Promoted,Mumbai,,,1232,0.75,0.516470588,0.396512754,0.609,Medium,,,
EMP1199,Farhan Patel,30,Female,Research & Development,Analyst,21/01/22,129673,2,73.7,Not Promoted,Pune,,,1624,0.25,0.690588235,0.523086858,0.437,Low,,,
EMP1200,Priya Singh,23,Male,Finance,Engineer,05/03/18,161549,1,65.3,Promoted,Kolkata,,,3042,0,0.591764706,0.980949306,0.374,Low,,,
EMP1201,Sanjay Naik,41,Unknown,Human Resources,Manager,07/12/21,131581,3,58.8,Promoted,Kochi,,,1669,0.5,0.515294118,0.537617049,0.512,Medium,,,
EMP1202,Sachin Gupta,51,Female,Logistics,Manager,16/08/22,57090,4,77,Not Promoted,Ahmedabad,,,1417,0.75,0.729411765,0.456247982,0.685,High,,,
EMP1203,Shreya Sinha,33,Male,Finance,Analyst,28/08/23,185217,4,94.7,Not Promoted,Kolkata,,,1040,0.75,0.937647059,0.334517275,0.723,High,,,
EMP1204,Gaurav Agarwal,34,Female,Finance,Coordinator,27/01/26,249207,2,99.5,Not Promoted,Mumbai,,,157,0.25,0.994117647,0.049402648,0.433,Low,,,
EMP1205,Sachin Singh,46,Male,Marketing,Associate,03/10/25,162596,1,71.9,Promoted,Pune,,,273,0,0.669411765,0.08685825,0.218,Low,,,
EMP1206,Arjun Malhotra,38,Male,Operations,Analyst,27/09/25,129181,2,52.9,Not Promoted,Kolkata,,,279,0.25,0.445882353,0.088795609,0.277,Low,,,
EMP1207,Gaurav Naik,46,Male,Customer Support,Specialist,28/06/21,211553,3,78.2,Promoted,Pune,,,1831,0.5,0.743529412,0.589925735,0.591,Medium,,,
EMP1208,Vinay Pillai,49,Male,Information Technology,Analyst,30/10/22,265620,3,92.9,Not Promoted,Kochi,,,1342,0.5,0.916470588,0.432030998,0.611,Medium,,,
EMP1209,Nisha Mukherjee,31,Male,Customer Support,Manager,18/12/22,287066,4,79.8,Promoted,Delhi,,,1293,0.75,0.762352941,0.416209235,0.687,High,,,
EMP1210,Swati Banerjee,27,Male,Administration,Associate,17/09/24,269813,3,64.5,Promoted,Delhi,,,654,0.5,0.582352941,0.20988053,0.467,Medium,,,
EMP1211,Seema Mishra,49,Female,Marketing,Manager,30/10/23,284795,1,69.1,Not Promoted,Pune,,,977,0,0.636470588,0.314175008,0.254,Low,,,
EMP1212,Rajan Mukherjee,41,Female,Research & Development,Analyst,20/07/22,116609,3,69.5,Not Promoted,Kochi,,,1444,0.5,0.641176471,0.464966096,0.535,Medium,,,
EMP1213,Gaurav Sinha,26,Female,Human Resources,Consultant,01/05/23,45071,1,51.2,Not Promoted,Kolkata,,,1159,0,0.425882353,0.372941556,0.202,Low,,,
EMP1214,Pooja Rajan,40,Male,Marketing,Engineer,06/06/20,66880,1,66.6,Not Promoted,Pune,,,2218,0,0.607058824,0.714885373,0.325,Low,,,
EMP1215,Deepak Chatterjee,30,Female,Sales,Team Lead,23/12/25,139325,2,78.8,Promoted,Mumbai,,,192,0.25,0.750588235,0.060703907,0.362,Low,,,
EMP1216,Vijay Chauhan,31,Male,Operations,Manager,11/05/18,104483,4,94.6,Promoted,Kochi,,,2975,0.75,0.936470588,0.959315467,0.848,High,,,
EMP1217,Lakshmi Sharma,34,Male,Marketing,Associate,02/11/20,82761,5,58.7,Promoted,Pune,,,2069,1,0.514117647,0.666774298,0.788,High,,,
EMP1218,Vikram Kulkarni,54,Female,Information Technology,Team Lead,25/11/21,58325,4,54.2,Not Promoted,Pune,,,1681,0.75,0.461176471,0.541491766,0.622,Medium,,,
EMP1219,Lokesh Mehta,47,Female,Research & Development,Associate,10/10/18,97682,2,80.5,Not Promoted,Bengaluru,,,2823,0.25,0.770588235,0.910235712,0.538,Medium,,,
EMP1220,Mohan Sinha,59,Female,Information Technology,Engineer,19/11/25,295830,5,54.9,Not Promoted,Kochi,,,226,1,0.469411765,0.071682273,0.655,High,,,
EMP1221,Rajan Patel,40,Male,Finance,Supervisor,04/02/22,175981,2,74.8,Not Promoted,Kochi,,,1610,0.25,0.703529412,0.518566355,0.44,Low,,,
EMP1222,Neha Gandhi,33,Female,Human Resources,Coordinator,27/01/21,100057,3,85.4,Not Promoted,Coimbatore,,,1983,0.5,0.828235294,0.639005489,0.626,Medium,,,
EMP1223,Deepa Chatterjee,43,Female,Marketing,Manager,08/12/18,160144,2,80.7,Promoted,Pune,,,2764,0.25,0.772941176,0.891185018,0.535,Medium,,,
EMP1224,Radha Kapoor,25,Male,Marketing,Team Lead,09/02/20,80365,2,90,Not Promoted,Kochi,,,2336,0.25,0.882352941,0.752986761,0.54,Medium,,,
EMP1225,Geeta Sinha,40,Female,Logistics,Executive,08/01/19,103183,2,50.1,Not Promoted,Chennai,,,2733,0.25,0.412941176,0.881175331,0.425,Low,,,
EMP1226,Rekha Mehta,41,Male,Information Technology,Engineer,23/05/19,81524,3,77.6,Not Promoted,Kochi,,,2598,0.5,0.736470588,0.837584759,0.638,Medium,,,
EMP1227,Rohit Singh,24,Male,Research & Development,Associate,25/11/19,285174,4,70,Not Promoted,Bengaluru,,,2412,0.75,0.647058824,0.777526639,0.725,High,,,
EMP1511,Tanvi Krishnan,28,Male,Marketing,Supervisor,04/03/26,115184,3,99.3,Promoted,Kolkata,,,121,0.5,0.991764706,0.037778495,0.555,Medium,,,
EMP1229,Vishal Chatterjee,31,Female,Operations,Coordinator,14/08/21,153054,2,69.3,Not Promoted,Ahmedabad,,,1784,0.25,0.638823529,0.574749758,0.432,Low,,,
EMP1230,Sanjay Mishra,26,Female,Finance,Associate,03/08/25,220386,4,86.5,Not Promoted,Bengaluru,,,334,0.75,0.841176471,0.10655473,0.649,High,,,
EMP1231,Gitanjali Malhotra,44,Male,Human Resources,Supervisor,27/11/21,168674,4,82.6,Not Promoted,Ahmedabad,,,1679,0.75,0.795294118,0.54084598,0.722,High,,,
EMP1232,Neha Kumar,59,Female,Research & Development,Engineer,22/07/23,165763,1,64.3,Not Promoted,Chennai,,,1077,0,0.58,0.34646432,0.243,Low,,,
EMP1233,Shalini Kulkarni,55,Male,Administration,Executive,25/06/20,230762,4,91.2,Not Promoted,Kolkata,,,2199,0.75,0.896470588,0.708750404,0.786,High,,,
EMP1234,Komal Singh,51,Male,Human Resources,Consultant,15/03/19,109688,1,84,Not Promoted,Mumbai,,,2667,0,0.811764706,0.859864385,0.416,Low,,,
EMP1235,Mohan Yadav,32,Female,Marketing,Supervisor,01/03/20,131504,2,97.1,Not Promoted,Coimbatore,,,2315,0.25,0.965882353,0.746206006,0.564,Medium,,,
EMP1516,Nisha Yadav,55,Female,Administration,Specialist,18/08/25,78651,2,51.9,Not Promoted,Kochi,,,319,0.25,0.434117647,0.101711334,0.276,Low,,,
EMP1237,Bhavna Agarwal,51,Male,Human Resources,Consultant,05/01/25,48979,2,75.7,Promoted,Mumbai,,,544,0.25,0.714117647,0.174362286,0.374,Low,,,
EMP1238,Vikram Kapoor,46,Male,Human Resources,Coordinator,24/07/23,30765,4,62.9,Not Promoted,Delhi,,,1075,0.75,0.563529412,0.345818534,0.613,Medium,,,
EMP1239,Shivam Rao,23,Male,Information Technology,Team Lead,18/01/19,280530,2,88.4,Not Promoted,Delhi,,,2723,0.25,0.863529412,0.8779464,0.56,Medium,,,
EMP1240,Pooja Singh,41,Female,Research & Development,Associate,27/08/19,273809,5,70.1,Promoted,Coimbatore,,,2502,1,0.648235294,0.80658702,0.856,High,,,
EMP1241,Sachin Sinha,23,Female,Information Technology,Executive,26/03/25,51342,2,62.1,Not Promoted,Ahmedabad,,,464,0.25,0.554117647,0.148530836,0.321,Low,,,
EMP1242,Rekha Malhotra,25,Female,Administration,Supervisor,12/11/22,101326,2,57,Promoted,Delhi,,,1329,0.25,0.494117647,0.427833387,0.359,Low,,,
EMP1243,Ramesh Chauhan,41,Female,Operations,Coordinator,28/05/22,179431,3,61.3,Not Promoted,Pune,,,1497,0.5,0.544705882,0.482079432,0.51,Medium,,,
EMP1244,Shalini Patel,59,Male,Administration,Executive,19/05/24,158573,1,45,Not Promoted,Ahmedabad,,,775,0,0.352941176,0.248950597,0.156,Low,,,
EMP1245,Pankaj Mukherjee,33,Male,Research & Development,Supervisor,16/05/21,160238,2,80.4,Promoted,Ahmedabad,,,1874,0.25,0.769411765,0.603810139,0.477,Medium,,,
EMP1246,Sunita Joshi,41,Female,Sales,Team Lead,05/11/23,278940,5,87.7,Promoted,Kolkata,,,971,1,0.855294118,0.312237649,0.819,High,,,
EMP1247,Lakshmi Rajan,45,Female,Finance,Specialist,28/02/24,118440,2,97.2,Promoted,Chennai,,,856,0.25,0.967058824,0.27510494,0.47,Medium,,,
EMP1248,Shreya Hegde,56,Male,Operations,Specialist,27/06/24,250987,4,97.3,Promoted,Bengaluru,,,736,0.75,0.968235294,0.236357766,0.713,High,,,
EMP1249,Ramesh Iyer,27,Male,Operations,Analyst,31/08/23,199857,4,55.4,Promoted,Hyderabad,,,1037,0.75,0.475294118,0.333548595,0.584,Medium,,,
EMP1250,Hemant Naik,46,Male,Research & Development,Coordinator,13/06/22,165878,3,56.4,Not Promoted,Kolkata,,,1481,0.5,0.487058824,0.476913142,0.492,Medium,,,
EMP1251,Manish Agarwal,25,Male,Human Resources,Coordinator,20/05/19,22482,4,97.2,Not Promoted,Coimbatore,,,2601,0.75,0.967058824,0.838553439,0.833,High,,,
EMP1252,Rekha Chauhan,47,Male,Information Technology,Coordinator,04/08/18,184459,2,80.9,Not Promoted,Ahmedabad,,,2890,0.25,0.775294118,0.931869551,0.544,Medium,,,
EMP1253,Shreya Mukherjee,34,Male,Customer Support,Team Lead,04/07/22,32142,1,63.7,Promoted,Chennai,,,1460,0,0.572941176,0.470132386,0.266,Low,,,
EMP1254,Bhavna Chopra,59,Male,Information Technology,Coordinator,03/08/24,220181,1,67.6,Not Promoted,Mumbai,,,699,0,0.618823529,0.22441072,0.231,Low,,,
EMP1255,Rekha Verma,41,Male,Information Technology,Engineer,28/05/24,112984,5,94.2,Not Promoted,Coimbatore,,,766,1,0.931764706,0.246044559,0.829,High,,,
EMP1256,Sanjay Chopra,46,Male,Customer Support,Coordinator,29/06/18,116773,2,79.5,Promoted,Bengaluru,,,2926,0.25,0.758823529,0.943493704,0.541,Medium,,,
EMP1257,Nisha Agarwal,24,Male,Finance,Consultant,17/03/25,28989,2,97.3,Promoted,Kochi,,,473,0.25,0.968235294,0.151436874,0.446,Low,,,
EMP1259,Vikram Pandey,43,Male,Administration,Supervisor,14/11/21,147524,4,90.2,Promoted,Kolkata,,,1692,0.75,0.884705882,0.545043591,0.749,High,,,
EMP1260,Suresh Gupta,36,Male,Human Resources,Manager,22/06/25,57595,1,53.5,Not Promoted,Hyderabad,,,376,0,0.452941176,0.120116242,0.16,Low,,,
EMP1261,Hemant Sinha,45,Male,Finance,Analyst,08/02/23,123177,1,85.2,Promoted,Pune,,,1241,0,0.825882353,0.399418792,0.328,Low,,,
EMP1262,Deepak Pandey,58,Female,Research & Development,Manager,22/03/19,93162,4,64.5,Not Promoted,Kolkata,,,2660,0.75,0.582352941,0.857604133,0.721,High,,,
EMP1263,Ramesh Pandey,54,Female,Human Resources,Consultant,07/06/23,273300,2,52.2,Promoted,Ahmedabad,,,1122,0.25,0.437647059,0.360994511,0.328,Low,,,
EMP1264,Pooja Agarwal,59,Female,Administration,Executive,19/06/26,171307,5,61,Not Promoted,Ahmedabad,,,14,1,0.541176471,0.003228931,0.663,High,,,
EMP1266,Rajan Bhatt,55,Female,Information Technology,Associate,07/01/23,51633,1,57.7,Not Promoted,Mumbai,,,1273,0,0.502352941,0.409751372,0.233,Low,,,
EMP1267,Vinay Jain,60,Male,Sales,Team Lead,04/12/25,289918,3,75.6,Promoted,Kolkata,,,211,0.5,0.712941176,0.066838876,0.477,Medium,,,
EMP1268,Neha Krishnan,46,Female,Human Resources,Executive,25/07/24,133055,2,95.6,Not Promoted,Chennai,,,708,0.25,0.948235294,0.227316758,0.455,Medium,,,
EMP1269,Anjali Shah,53,Male,Marketing,Engineer,10/10/23,293268,4,81.6,Promoted,Hyderabad,,,997,0.75,0.783529412,0.320632871,0.674,High,,,
EMP1270,Mohan Bhatt,52,Male,Sales,Coordinator,03/09/20,292257,3,72.3,Not Promoted,Ahmedabad,,,2129,0.5,0.674117647,0.686147885,0.589,Medium,,,
EMP1271,Kavya Verma,57,Male,Logistics,Team Lead,04/08/25,162596,5,87.9,Not Promoted,Bengaluru,,,333,1,0.857647059,0.106231837,0.779,High,,,
EMP1272,Vikram Mishra,48,Male,Finance,Specialist,26/08/19,248408,2,69.1,Not Promoted,Ahmedabad,,,2503,0.25,0.636470588,0.806909913,0.477,Medium,,,
EMP1274,Gitanjali Kumar,22,Male,Finance,Analyst,23/05/25,185245,2,94.9,Not Promoted,Chennai,,,406,0.25,0.94,0.129803035,0.433,Low,,,
EMP1275,Gitanjali Desai,55,Male,Finance,Analyst,29/03/25,31983,3,50.1,Not Promoted,Mumbai,,,461,0.5,0.412941176,0.147562157,0.403,Low,,,
EMP1276,Usha Rajan,40,Male,Sales,Consultant,26/06/19,37452,5,63.4,Promoted,Kolkata,,,2564,1,0.569411765,0.826606393,0.836,High,,,
EMP1277,Pankaj Lal,56,Female,Sales,Coordinator,09/02/23,221924,4,91.6,Promoted,Bengaluru,,,1240,0.75,0.901176471,0.399095899,0.725,High,,,
EMP1278,Komal Hegde,38,Female,Logistics,Manager,14/02/25,177081,1,73,Not Promoted,Pune,,,504,0,0.682352941,0.161446561,0.237,Low,,,
EMP1279,Lokesh Mehta,24,Female,Information Technology,Coordinator,26/09/19,100,3,85.2,Promoted,Delhi,,,2472,0.5,0.825882353,0.796900226,0.657,High,,,
EMP1280,Pooja Gupta,38,Male,Human Resources,Executive,05/06/18,102824,1,89.6,Not Promoted,Bengaluru,,,2950,0,0.877647059,0.951243139,0.454,Low,,,
EMP1281,Radha Chopra,43,Female,Customer Support,Supervisor,01/12/23,95176,5,51.8,Not Promoted,Pune,,,945,1,0.432941176,0.303842428,0.691,High,,,
EMP1282,Rohit Verma,49,Male,Information Technology,Associate,28/07/19,236890,3,67.2,Not Promoted,Ahmedabad,,,2532,0.5,0.614117647,0.816273813,0.597,Medium,,,
EMP1283,Ramesh Sinha,32,Male,Operations,Supervisor,17/09/25,250792,4,90,Not Promoted,Hyderabad,,,289,0.75,0.882352941,0.09202454,0.658,High,,,
EMP1284,Swati Lal,31,Female,Human Resources,Specialist,06/11/25,147357,3,75.6,Promoted,Mumbai,,,239,0.5,0.712941176,0.075879884,0.479,Medium,,,
EMP1285,Sanjay Chauhan,43,Female,Marketing,Manager,27/08/20,281279,1,87.3,Not Promoted,Ahmedabad,,,2136,0,0.850588235,0.688408137,0.393,Low,,,
EMP1286,Rekha Lal,42,Male,Human Resources,Analyst,30/08/21,47326,1,99.9,Promoted,Kolkata,,,1768,0,0.998823529,0.569583468,0.414,Low,,,
EMP1287,Sunita Chauhan,22,Female,Customer Support,Associate,25/04/23,205051,5,54.8,Not Promoted,Hyderabad,,,1165,1,0.468235294,0.374878915,0.715,High,,,
EMP1288,Shreya Mehta,55,Male,Finance,Executive,21/08/18,202291,1,63.6,Not Promoted,Chennai,,,2873,0,0.571764706,0.926380368,0.357,Low,,,
EMP1289,Shreya Naik,35,Female,Research & Development,Specialist,15/09/19,260860,1,68.2,Not Promoted,Kochi,,,2483,0,0.625882353,0.80045205,0.348,Low,,,
EMP1290,Akash Agarwal,22,Male,Marketing,Analyst,06/02/23,259142,5,53.4,Not Promoted,Mumbai,,,1243,1,0.451764706,0.400064579,0.716,High,,,
EMP1291,Komal Mukherjee,48,Female,Logistics,Coordinator,07/01/24,183814,1,99.4,Not Promoted,Chennai,,,908,0,0.992941176,0.291895383,0.356,Low,,,
EMP1292,Aditya Tiwari,25,Male,Logistics,Consultant,08/06/26,162596,3,68.3,Promoted,Bengaluru,,,25,0.5,0.627058824,0.006780756,0.439,Low,,,
EMP1293,Kiran Banerjee,23,Female,Customer Support,Analyst,21/01/26,273803,5,83.1,Promoted,Kolkata,,,163,1,0.801176471,0.051340006,0.751,High,,,
EMP1294,Meera Chauhan,57,Male,Operations,Team Lead,22/04/26,66638,2,64.4,Not Promoted,Bengaluru,,,72,0.25,0.581176471,0.021956732,0.304,Low,,,
EMP1295,Seema Agarwal,46,Male,Customer Support,Executive,07/01/20,87823,2,81.2,Not Promoted,Pune,,,2369,0.25,0.778823529,0.763642234,0.511,Medium,,,
EMP1296,Komal Gupta,40,Female,Sales,Engineer,14/02/18,209828,1,88.3,Not Promoted,Coimbatore,,,3061,0,0.862352941,0.987084275,0.456,Medium,,,
EMP1297,Kavya Jain,46,Female,Marketing,Consultant,03/03/20,29967,1,90.5,Not Promoted,Kochi,,,2313,0,0.888235294,0.74556022,0.416,Low,,,
EMP1298,Sanjay Sinha,53,Male,Research & Development,Supervisor,30/01/25,103693,3,91.1,Promoted,Hyderabad,,,519,0.5,0.895294118,0.166289958,0.552,Medium,,,
EMP1299,Anjali Kapoor,23,Female,Marketing,Coordinator,25/04/18,83808,1,82.4,Not Promoted,Delhi,,,2991,0,0.792941176,0.964481757,0.431,Low,,,
EMP1300,Chirag Mehta,26,Male,Customer Support,Coordinator,29/12/21,42071,2,93.1,Not Promoted,Mumbai,,,1647,0.25,0.918823529,0.5305134,0.507,Medium,,,
EMP1301,Meera Verma,56,Male,Administration,Analyst,05/08/19,102840,4,78.2,Not Promoted,Kochi,,,2524,0.75,0.743529412,0.813690668,0.761,High,,,
EMP1302,Neha Kapoor,27,Male,Operations,Engineer,07/04/19,140374,4,62.1,Not Promoted,Coimbatore,,,2644,0.75,0.554117647,0.852437843,0.712,High,,,
EMP1303,Lokesh Menon,54,Female,Operations,Associate,15/12/19,52996,2,84.1,Promoted,Chennai,,,2392,0.25,0.812941176,0.771068776,0.523,Medium,,,
EMP1304,Usha Gandhi,47,Male,Sales,Associate,20/02/20,277269,2,87.9,Not Promoted,Pune,,,2325,0.25,0.857647059,0.749434937,0.532,Medium,,,
EMP1305,Ananya Rajan,56,Male,Information Technology,Engineer,16/03/21,98635,3,73.4,Not Promoted,Chennai,,,1935,0.5,0.687058824,0.623506619,0.581,Medium,,,
EMP1306,Harish Tiwari,58,Female,Administration,Consultant,24/06/26,65587,4,85.4,Not Promoted,Bengaluru,,,9,0.75,0.828235294,0.001614466,0.624,Medium,,,
EMP1307,Rahul Sinha,42,Female,Logistics,Analyst,06/08/20,292789,1,84,Not Promoted,Delhi,,,2157,0,0.811764706,0.695188892,0.383,Low,,,
EMP1308,Vijay Chauhan,55,Female,Human Resources,Executive,27/03/25,207192,1,86.1,Not Promoted,Hyderabad,,,463,0,0.836470588,0.148207943,0.281,Low,,,
EMP1309,Farhan Kulkarni,58,Female,Sales,Executive,26/10/23,130494,3,56.9,Not Promoted,Chennai,,,981,0.5,0.492941176,0.315466581,0.461,Medium,,,
EMP1310,Indira Iyer,37,Male,Marketing,Team Lead,14/12/19,41235,3,80,Not Promoted,Pune,,,2393,0.5,0.764705882,0.771391669,0.634,Medium,,,
EMP1311,Geeta Das,34,Female,Administration,Team Lead,13/09/18,36241,5,51.2,Promoted,Coimbatore,,,2850,1,0.425882353,0.918953826,0.812,High,,,
EMP1312,Aarav Chatterjee,50,Male,Administration,Associate,26/05/23,61432,1,68.6,Promoted,Mumbai,,,1134,0,0.630588235,0.364869228,0.262,Low,,,
EMP1313,Vikram Gupta,50,Male,Information Technology,Consultant,13/04/25,113465,2,73.9,Not Promoted,Bengaluru,,,446,0.25,0.692941176,0.14271876,0.361,Low,,,
EMP1314,Rahul Gupta,59,Male,Operations,Manager,18/01/23,257230,1,66.3,Promoted,Pune,,,1262,0,0.603529412,0.406199548,0.262,Low,,,
EMP1315,Esha Malhotra,60,Male,Operations,Associate,28/02/26,134979,4,85.5,Promoted,Delhi,,,125,0.75,0.829411765,0.039070068,0.632,Medium,,,
EMP1316,Neha Krishnan,37,Female,Marketing,Coordinator,20/09/19,20376,2,64.9,Not Promoted,Mumbai,,,2478,0.25,0.587058824,0.798837585,0.461,Medium,,,
EMP1317,Pooja Pillai,21,Female,Customer Support,Associate,23/09/22,150491,3,56.8,Promoted,Bengaluru,,,1379,0.5,0.491764706,0.443978043,0.486,Medium,,,
EMP1318,Vishal Bhatt,32,Female,Human Resources,Engineer,16/11/23,110171,3,52.7,Not Promoted,Ahmedabad,,,960,0.5,0.443529412,0.308685825,0.445,Low,,,
EMP1319,Sunita Pillai,50,Male,Human Resources,Manager,30/04/23,252268,2,69.3,Not Promoted,Kolkata,,,1160,0.25,0.638823529,0.373264449,0.391,Low,,,
EMP1320,Kiran Tiwari,42,Male,Human Resources,Team Lead,25/02/22,133046,5,95.9,Promoted,Pune,,,1589,1,0.951764706,0.511785599,0.888,High,,,
EMP1321,Pooja Mukherjee,18,Male,Sales,Engineer,03/08/22,250986,5,69.5,Promoted,Ahmedabad,,,1430,1,0.641176471,0.460445593,0.784,High,,,
EMP1522,Deepak Chauhan,53,Male,Finance,Consultant,04/06/18,93416,5,93.8,Promoted,Bengaluru,,,2951,1,0.927058824,0.951566032,0.968,High,,,
EMP1323,Bhavna Singh,40,Female,Finance,Associate,14/08/25,240240,3,67.4,Not Promoted,Hyderabad,,,323,0.5,0.616470588,0.103002906,0.456,Medium,,,
EMP1324,Jai Banerjee,47,Female,Administration,Manager,24/07/18,219639,5,56.4,Promoted,Delhi,,,2901,1,0.487058824,0.935421376,0.833,High,,,
EMP1325,Indira Sharma,39,Female,Information Technology,Analyst,04/03/25,92180,3,64.2,Not Promoted,Kochi,,,486,0.5,0.578823529,0.155634485,0.455,Medium,,,
EMP1439,Mohan Singh,48,Male,Operations,Executive,15/08/24,132955,4,99,Not Promoted,Kochi,,,687,0.75,0.988235294,0.220536003,0.716,High,,,
EMP1327,Swati Kulkarni,34,Female,Human Resources,Supervisor,23/12/25,295757,4,86,Not Promoted,Mumbai,,,192,0.75,0.835294118,0.060703907,0.638,Medium,,,
EMP1328,Seema Tiwari,22,Female,Research & Development,Team Lead,03/06/19,53703,4,67.4,Not Promoted,Pune,,,2587,0.75,0.616470588,0.834032935,0.727,High,,,
EMP1329,Nisha Mukherjee,35,Female,Sales,Coordinator,23/12/25,268007,5,82.9,Not Promoted,Mumbai,,,192,1,0.798823529,0.060703907,0.752,High,,,
EMP1331,Arjun Kapoor,22,Female,Unknown,Engineer,01/08/19,286784,1,59.5,Not Promoted,Kolkata,,,2528,0,0.523529412,0.814982241,0.32,Low,,,
EMP1332,Shivam Nair,57,Unknown,Research & Development,Executive,13/02/21,144242,3,54.1,Not Promoted,Pune,,,1966,0.5,0.46,0.633516306,0.515,Medium,,,
EMP1333,Gitanjali Mukherjee,45,Male,Sales,Team Lead,13/12/21,247706,1,84.1,Not Promoted,Mumbai,,,1663,0,0.812941176,0.53567969,0.351,Low,,,
EMP1334,Priya Gandhi,32,Male,Sales,Associate,06/09/21,177561,5,55.5,Not Promoted,Hyderabad,,,1761,1,0.476470588,0.567323216,0.756,High,,,
EMP1335,Seema Sinha,48,Male,Logistics,Engineer,22/01/19,162596,5,59,Not Promoted,Chennai,,,2719,1,0.517647059,0.876654827,0.831,High,,,
EMP1336,Jai Malhotra,40,Female,Administration,Supervisor,12/08/19,174447,4,82.5,Not Promoted,Kochi,,,2517,0.75,0.794117647,0.811430417,0.776,High,,,
EMP1337,Vishal Sharma,52,Male,Finance,Analyst,11/04/24,95308,4,51.9,Not Promoted,Pune,,,813,0.75,0.434117647,0.261220536,0.557,Medium,,,
EMP1338,Zara Lal,55,Male,Information Technology,Executive,18/12/19,57356,1,86.7,Not Promoted,Kolkata,,,2389,0,0.843529412,0.770100097,0.407,Low,,,
EMP1339,Rekha Mishra,36,Male,Marketing,Coordinator,10/01/26,245734,4,67.3,Not Promoted,Ahmedabad,,,174,0.75,0.615294118,0.054891831,0.571,Medium,,,
EMP1340,Shreya Iyer,59,Male,Marketing,Executive,01/12/22,261865,2,64.2,Promoted,Bengaluru,,,1310,0.25,0.578823529,0.421698418,0.383,Low,,,
EMP1341,Rekha Chauhan,42,Female,Customer Support,Unknown,26/09/21,150074,2,68.2,Not Promoted,Pune,,,1741,0.25,0.625882353,0.560865354,0.425,Low,,,
EMP1342,Geeta Agarwal,26,Male,Customer Support,Manager,08/05/19,40158,5,79.2,Not Promoted,Kochi,,,2613,1,0.755294118,0.842428156,0.895,High,,,
EMP1343,Rajan Rao,41,Male,Marketing,Coordinator,04/01/25,175378,1,65.6,Not Promoted,Kochi,,,545,0,0.595294118,0.174685179,0.214,Low,,,
EMP1344,Shreya Gupta,32,Female,Logistics,Specialist,21/10/20,96075,3,74.1,Promoted,Chennai,,,2081,0.5,0.695294118,0.670649015,0.593,Medium,,,
EMP1345,Rekha Chopra,59,Female,Human Resources,Consultant,25/02/20,296023,5,73.6,Not Promoted,Hyderabad,,,2320,1,0.689411765,0.747820471,0.856,High,,,
EMP1346,Indira Das,41,Female,Sales,Associate,21/03/21,157730,3,73.7,Promoted,Pune,,,1930,0.5,0.690588235,0.621892154,0.582,Medium,,,
EMP1347,Deepak Shah,53,Male,Operations,Coordinator,12/02/23,45117,1,60.7,Promoted,Bengaluru,,,1237,0,0.537647059,0.39812722,0.241,Low,,,
EMP1348,Farhan Gupta,40,Female,Human Resources,Specialist,25/02/26,78467,4,90.6,Not Promoted,Bengaluru,,,128,0.75,0.889411765,0.040038747,0.65,High,,,
EMP1349,Meera Lal,28,Male,Operations,Team Lead,08/09/22,91793,2,80.7,Promoted,Kochi,,,1394,0.25,0.772941176,0.44882144,0.447,Low,,,
EMP1350,Vijay Chauhan,27,Female,Marketing,Executive,12/05/24,267040,1,89,Not Promoted,Delhi,,,782,0,0.870588235,0.251210849,0.311,Low,,,
EMP1351,Rohit Malhotra,51,Female,Sales,Team Lead,09/10/21,29444,3,57.7,Not Promoted,Ahmedabad,,,1728,0.5,0.502352941,0.556667743,0.512,Medium,,,
EMP1352,Jai Desai,48,Female,Customer Support,Supervisor,06/05/22,118763,3,94.3,Promoted,Kochi,,,1519,0.5,0.932941176,0.48918308,0.628,Medium,,,
EMP1353,Meera Chopra,57,Female,Sales,Executive,15/04/21,236636,3,72.6,Not Promoted,Bengaluru,,,1905,0.5,0.677647059,0.613819826,0.576,Medium,,,
EMP1355,Gitanjali Pandey,30,Female,Finance,Manager,27/12/22,214710,4,70.2,Not Promoted,Kochi,,,1284,0.75,0.649411765,0.413303197,0.652,High,,,
EMP1356,Arun Banerjee,58,Male,Finance,Executive,07/07/20,114667,1,89,Not Promoted,Coimbatore,,,2187,0,0.870588235,0.704875686,0.402,Low,,,
EMP1357,Gaurav Pillai,26,Female,Research & Development,Associate,29/07/21,145103,1,61.2,Not Promoted,Coimbatore,,,1800,0,0.543529412,0.579916048,0.279,Low,,,
EMP1358,Nisha Mukherjee,48,Female,Sales,Team Lead,08/09/21,255229,2,58.5,Not Promoted,Pune,,,1759,0.25,0.511764706,0.56667743,0.392,Low,,,
EMP1359,Tanvi Naik,53,Male,Customer Support,Specialist,07/05/25,162596,4,93.9,Not Promoted,Kochi,,,422,0.75,0.928235294,0.134969325,0.68,High,,,
EMP1360,Radha Krishnan,47,Female,Operations,Coordinator,25/09/23,78776,5,74.3,Promoted,Coimbatore,,,1012,1,0.697647059,0.325476267,0.774,High,,,
EMP1361,Radha Desai,31,Female,Administration,Executive,15/03/19,253145,3,74.8,Not Promoted,Mumbai,,,2667,0.5,0.703529412,0.859864385,0.633,Medium,,,
EMP1362,Divya Das,21,Male,Logistics,Supervisor,14/09/23,216990,5,63.8,Promoted,Kochi,,,1023,1,0.574117647,0.329028092,0.738,High,,,
EMP1363,Nisha Tiwari,23,Female,Operations,Team Lead,05/04/21,227263,2,84.7,Not Promoted,Delhi,,,1915,0.25,0.82,0.617048757,0.494,Medium,,,
EMP1364,Kiran Mehta,31,Male,Sales,Analyst,12/11/24,263815,2,85,Not Promoted,Bengaluru,,,598,0.25,0.823529412,0.191798515,0.41,Low,,,
EMP1365,Arjun Kapoor,50,Female,Customer Support,Manager,22/11/18,276500,2,92,Not Promoted,Hyderabad,,,2780,0.25,0.905882353,0.896351308,0.576,Medium,,,
EMP1366,Harish Malhotra,41,Female,Human Resources,Coordinator,15/01/23,290430,1,75.4,Not Promoted,Coimbatore,,,1265,0,0.710588235,0.407168227,0.295,Low,,,
EMP1367,Nisha Chatterjee,41,Male,Logistics,Executive,25/12/24,276119,4,87.2,Promoted,Kochi,,,555,0.75,0.849411765,0.17791411,0.665,High,,,
EMP1368,Jai Joshi,41,Male,Administration,Associate,24/11/19,130837,2,54.4,Promoted,Ahmedabad,,,2413,0.25,0.463529412,0.777849532,0.42,Low,,,
EMP1369,Gitanjali Rajan,50,Male,Operations,Consultant,16/01/26,272302,1,55.3,Not Promoted,Kochi,,,168,0,0.474117647,0.052954472,0.153,Low,,,
EMP1370,Arjun Kapoor,50,Male,Human Resources,Engineer,11/06/22,291627,2,74.8,Not Promoted,Hyderabad,,,1483,0.25,0.703529412,0.477558928,0.432,Low,,,
EMP1371,Rajan Sharma,33,Male,Operations,Team Lead,07/02/21,242366,2,53.5,Promoted,Kolkata,,,1972,0.25,0.452941176,0.635453665,0.388,Low,,,
EMP1372,Ananya Chauhan,50,Male,Information Technology,Coordinator,05/06/21,28778,5,93.4,Promoted,Ahmedabad,,,1854,1,0.922352941,0.597352276,0.896,High,,,
EMP1373,Rahul Das,51,Male,Administration,Manager,20/02/22,207450,1,98.9,Not Promoted,Kolkata,,,1594,0,0.987058824,0.513400065,0.399,Low,,,
EMP1374,Jai Pandey,26,Male,Marketing,Supervisor,16/01/25,245697,4,53.6,Promoted,Ahmedabad,,,533,0.75,0.454117647,0.170810462,0.545,Medium,,,
EMP1375,Mohan Banerjee,39,Female,Human Resources,Analyst,25/03/26,167767,4,76.3,Not Promoted,Pune,,,100,0.75,0.721176471,0.03099774,0.598,Medium,,,
EMP1376,Usha Patel,51,Male,Finance,Manager,29/10/21,201288,1,74.8,Not Promoted,Kochi,,,1708,0,0.703529412,0.550209881,0.321,Low,,,
EMP1377,Aarav Singh,58,Female,Customer Support,Manager,18/12/25,250524,4,94.4,Promoted,Kochi,,,197,0.75,0.934117647,0.062318373,0.668,High,,,
EMP1378,Aditya Menon,50,Female,Operations,Associate,13/06/23,164339,3,59.8,Not Promoted,Mumbai,,,1116,0.5,0.527058824,0.359057152,0.48,Medium,,,
EMP1379,Vikram Singh,53,Male,Customer Support,Associate,05/06/24,103583,4,77.6,Not Promoted,Delhi,,,758,0.75,0.736470588,0.243461414,0.645,High,,,
EMP1380,Rohit Yadav,57,Male,Operations,Team Lead,06/08/25,145979,5,66.6,Not Promoted,Delhi,,,331,1,0.607058824,0.105586051,0.703,High,,,
EMP1381,Suresh Tiwari,39,Male,Administration,Coordinator,03/10/25,246881,3,53.7,Not Promoted,Hyderabad,,,273,0.5,0.455294118,0.08685825,0.404,Low,,,
EMP1382,Vijay Kapoor,31,Male,Marketing,Engineer,24/08/22,168101,1,98.9,Not Promoted,Chennai,,,1409,0,0.987058824,0.453664837,0.387,Low,,,
EMP1383,Rajan Kapoor,27,Male,Human Resources,Coordinator,14/09/25,31350,3,70.7,Not Promoted,Pune,,,292,0.5,0.655294118,0.092993219,0.465,Medium,,,
EMP1384,Bhavna Banerjee,56,Female,Research & Development,Supervisor,18/04/25,33122,4,60.8,Promoted,Mumbai,,,441,0.75,0.538823529,0.141104294,0.565,Medium,,,
EMP1385,Usha Menon,39,Male,Marketing,Consultant,21/12/20,220182,1,69.2,Not Promoted,Pune,,,2020,0,0.637647059,0.650952535,0.321,Low,,,
EMP1386,Anjali Pillai,22,Male,Information Technology,Executive,08/03/18,126523,5,54,Not Promoted,Delhi,,,3039,1,0.458823529,0.979980626,0.834,High,,,
EMP1387,Priya Mishra,37,Male,Finance,Associate,12/12/18,207425,1,78.6,Not Promoted,Hyderabad,,,2760,0,0.748235294,0.889893445,0.402,Low,,,
EMP1389,Vikram Agarwal,29,Male,Human Resources,Analyst,22/08/18,61587,5,87.4,Not Promoted,Kochi,,,2872,1,0.851764706,0.926057475,0.941,High,,,
EMP1390,Esha Rajan,49,Female,Customer Support,Team Lead,25/07/25,104720,3,79.8,Not Promoted,Coimbatore,,,343,0.5,0.762352941,0.109460768,0.501,Medium,,,
EMP1391,Kiran Rao,53,Male,Logistics,Consultant,30/11/21,280626,2,85.3,Not Promoted,Delhi,,,1676,0.25,0.827058824,0.539877301,0.481,Medium,,,
EMP1392,Harish Banerjee,55,Female,Research & Development,Supervisor,18/07/20,72496,5,74.3,Not Promoted,Chennai,,,2176,1,0.697647059,0.701323862,0.85,High,,,
EMP1393,Deepa Rao,40,Male,Logistics,Associate,22/10/24,217431,4,72.8,Not Promoted,Hyderabad,,,619,0.75,0.68,0.19857927,0.619,Medium,,,
EMP1394,Shreya Hegde,23,Male,Sales,Consultant,27/01/22,106803,5,94.4,Not Promoted,Ahmedabad,,,1618,1,0.934117647,0.5211495,0.884,High,,,
EMP1395,Vinay Nair,57,Female,Research & Development,Analyst,01/10/18,63045,3,59.8,Not Promoted,Hyderabad,,,2832,0.5,0.527058824,0.91314175,0.591,Medium,,,
EMP1396,Farhan Chauhan,53,Female,Sales,Coordinator,13/06/22,162596,2,65.5,Promoted,Ahmedabad,,,1480,0.25,0.594117647,0.476590249,0.399,Low,,,
EMP1397,Indira Gupta,55,Male,Operations,Associate,19/09/23,206487,4,61.1,Not Promoted,Hyderabad,,,1018,0.75,0.542352941,0.327413626,0.603,Medium,,,
EMP1398,Anjali Sinha,36,Female,Customer Support,Executive,22/07/18,251065,3,60.6,Not Promoted,Mumbai,,,2903,0.5,0.536470588,0.936067162,0.598,Medium,,,
EMP1399,Pankaj Chauhan,41,Female,Human Resources,Analyst,22/03/24,115714,2,66.1,Not Promoted,Hyderabad,,,833,0.25,0.601176471,0.267678398,0.359,Low,,,
EMP1400,Madhuri Sharma,42,Female,Marketing,Coordinator,26/06/20,214201,1,91.1,Not Promoted,Delhi,,,2198,0,0.895294118,0.70842751,0.41,Low,,,
EMP1401,Suresh Chauhan,59,Male,Operations,Analyst,31/08/19,217815,4,94.3,Not Promoted,Bengaluru,,,2498,0.75,0.932941176,0.805295447,0.816,High,,,
EMP1402,Shalini Iyer,54,Female,Logistics,Executive,06/11/20,273852,4,55.1,Not Promoted,Kolkata,,,2065,0.75,0.471764706,0.665482725,0.65,High,,,
EMP1403,Rahul Sharma,38,Male,Marketing,Supervisor,06/02/20,173639,4,57.9,Not Promoted,Chennai,,,2339,0.75,0.504705882,0.753955441,0.677,High,,,
EMP1404,Shreya Pillai,37,Male,Research & Development,Specialist,06/04/24,266016,4,59.5,Not Promoted,Hyderabad,,,818,0.75,0.523529412,0.262835002,0.585,Medium,,,
EMP1405,Kavya Banerjee,56,Male,Marketing,Team Lead,24/01/25,76211,2,70,Not Promoted,Kolkata,,,525,0.25,0.647058824,0.168227317,0.353,Low,,,
EMP1406,Aarav Pillai,29,Male,Information Technology,Manager,11/01/22,186060,3,94.2,Promoted,Delhi,,,1634,0.5,0.931764706,0.526315789,0.635,Medium,,,
EMP1407,Suresh Rajan,24,Male,Customer Support,Consultant,15/12/24,25555,3,57,Not Promoted,Mumbai,,,565,0.5,0.494117647,0.181143042,0.434,Low,,,
EMP1408,Vikram Malhotra,51,Male,Customer Support,Manager,18/09/23,59204,1,84.8,Not Promoted,Coimbatore,,,1019,0,0.821176471,0.327736519,0.312,Low,,,
EMP1409,Vikram Nair,41,Female,Marketing,Consultant,03/06/21,48236,1,72,Promoted,Hyderabad,,,1856,0,0.670588235,0.597998063,0.321,Low,,,
EMP1410,Rohit Tiwari,42,Male,Finance,Consultant,05/07/19,43080,5,66.3,Not Promoted,Bengaluru,,,2555,1,0.603529412,0.823700355,0.846,High,,,
EMP1411,Chirag Pillai,59,Male,Research & Development,Engineer,27/08/24,44307,4,80.4,Promoted,Pune,,,675,0.75,0.769411765,0.216661285,0.649,High,,,
EMP1412,Komal Sharma,21,Male,Research & Development,Team Lead,12/08/22,105214,2,84.4,Not Promoted,Delhi,,,1421,0.25,0.816470588,0.457539554,0.461,Medium,,,
EMP1413,Vijay Menon,54,Female,Finance,Manager,11/06/20,216612,5,76.1,Promoted,Coimbatore,,,2213,1,0.718823529,0.713270907,0.858,High,,,
EMP1414,Sanjay Chopra,53,Male,Operations,Executive,22/06/18,87293,5,78.8,Not Promoted,Pune,,,2933,1,0.750588235,0.945753955,0.914,High,,,
EMP1415,Arjun Chauhan,43,Female,Marketing,Manager,24/11/20,152306,1,75,Promoted,Chennai,,,2047,0,0.705882353,0.659670649,0.344,Low,,,
EMP1416,Radha Banerjee,37,Male,Logistics,Coordinator,24/02/26,237642,2,70.8,Not Promoted,Bengaluru,,,129,0.25,0.656470588,0.04036164,0.33,Low,,,
EMP1417,Vishal Pandey,27,Female,Customer Support,Coordinator,31/01/22,33471,2,59.8,Not Promoted,Coimbatore,,,1614,0.25,0.527058824,0.519857927,0.387,Low,,,
EMP1418,Kavya Menon,35,Female,Logistics,Manager,24/10/18,95951,4,92.3,Not Promoted,Chennai,,,2809,0.75,0.909411765,0.905715208,0.829,High,,,
EMP1419,Jai Bhatt,26,Female,Customer Support,Manager,30/04/19,78872,5,87,Not Promoted,Pune,,,2621,1,0.847058824,0.845011301,0.923,High,,,
EMP1421,Kiran Chauhan,38,Female,Human Resources,Supervisor,03/02/24,29250,3,85,Not Promoted,Mumbai,,,881,0.5,0.823529412,0.283177268,0.554,Medium,,,
EMP1422,Gaurav Agarwal,32,Female,Research & Development,Associate,23/10/22,123512,4,58.2,Promoted,Bengaluru,,,1349,0.75,0.508235294,0.43429125,0.614,Medium,,,
EMP1423,Vikram Tiwari,41,Female,Research & Development,Coordinator,25/09/21,221605,3,92.7,Not Promoted,Coimbatore,,,1742,0.5,0.914117647,0.561188247,0.636,Medium,,,
EMP1424,Aarav Pandey,39,Female,Information Technology,Executive,07/11/21,84016,5,91.7,Not Promoted,Chennai,,,1699,1,0.902352941,0.547303842,0.88,High,,,
EMP1425,Harish Sharma,40,Male,Human Resources,Team Lead,22/01/22,123378,1,89.9,Not Promoted,Pune,,,1623,0,0.881176471,0.522763965,0.369,Low,,,
EMP1426,Rekha Sharma,53,Male,Marketing,Team Lead,13/06/22,281258,5,57.8,Not Promoted,Ahmedabad,,,1481,1,0.503529412,0.476913142,0.746,High,,,
EMP1427,Pankaj Rajan,52,Male,Logistics,Specialist,09/04/26,235434,2,72.7,Promoted,Chennai,,,85,0.25,0.678823529,0.026154343,0.334,Low,,,
EMP1428,Mohan Joshi,60,Male,Logistics,Specialist,05/01/18,78821,1,65.7,Not Promoted,Coimbatore,,,3101,0,0.596470588,1,0.379,Low,,,
EMP1429,Nikhil Mukherjee,42,Male,Research & Development,Coordinator,12/08/19,52439,4,55.7,Not Promoted,Pune,,,2517,0.75,0.478823529,0.811430417,0.681,High,,,
EMP1430,Sangeeta Krishnan,43,Male,Logistics,Consultant,04/05/18,266159,5,54.3,Not Promoted,Ahmedabad,,,2982,1,0.462352941,0.961575718,0.831,High,,,
EMP1431,Arjun Kumar,34,Male,Customer Support,Consultant,05/10/18,21570,5,64.5,Not Promoted,Kochi,,,2828,1,0.582352941,0.911850178,0.857,High,,,
EMP1432,Rajan Krishnan,35,Female,Research & Development,Associate,10/02/25,206496,2,67.6,Promoted,Kochi,,,508,0.25,0.618823529,0.162738134,0.343,Low,,,
EMP1433,Aarav Malhotra,21,Male,Information Technology,Coordinator,19/12/19,277150,2,96.3,Unknown,Chennai,,,2388,0.25,0.956470588,0.769777204,0.566,Medium,,,
EMP1434,Esha Mukherjee,46,Male,Administration,Team Lead,24/05/22,162596,4,74.8,Not Promoted,Hyderabad,,,1501,0.75,0.703529412,0.483371004,0.683,High,,,
EMP1435,Anjali Rajan,26,Female,Human Resources,Engineer,07/04/25,177943,3,59.8,Promoted,Mumbai,,,452,0.5,0.527058824,0.144656119,0.437,Low,,,
EMP1436,Tanvi Singh,52,Female,Marketing,Consultant,02/04/22,73083,3,54.1,Not Promoted,Bengaluru,,,1553,0.5,0.46,0.500161447,0.488,Medium,,,
EMP1437,Vishal Rajan,26,Male,Human Resources,Specialist,20/05/18,299334,3,95.3,Not Promoted,Ahmedabad,,,2966,0.5,0.944705882,0.956409428,0.725,High,,,
EMP1438,Lakshmi Chopra,29,Female,Customer Support,Consultant,11/03/19,140239,4,61.3,Not Promoted,Chennai,,,2671,0.75,0.544705882,0.861155957,0.711,High,,,
EMP1524,Pankaj Desai,46,Male,Sales,Manager,11/01/18,213594,2,56.5,Promoted,Kolkata,,,3095,0.25,0.488235294,0.998062641,0.471,Medium,,,
EMP1440,Rajan Kulkarni,32,Male,Human Resources,Analyst,15/11/21,83224,4,76,Promoted,Mumbai,,,1691,0.75,0.717647059,0.544720697,0.699,High,,,
EMP1441,Geeta Mehta,39,Male,Marketing,Specialist,13/05/18,283330,2,77.7,Not Promoted,Chennai,,,2973,0.25,0.737647059,0.95866968,0.538,Medium,,,
EMP1442,Pooja Shah,58,Female,Logistics,Analyst,21/05/19,165552,5,74.8,Promoted,Chennai,,,2600,1,0.703529412,0.838230546,0.879,High,,,
EMP1443,Sunita Rajan,42,Male,Marketing,Executive,28/03/26,162596,2,75,Not Promoted,Delhi,,,97,0.25,0.705882353,0.03002906,0.343,Low,,,
EMP1444,Divya Pillai,31,Female,Human Resources,Analyst,20/03/22,152066,5,84.4,Not Promoted,Coimbatore,,,1566,1,0.816470588,0.504359057,0.846,High,,,
EMP1445,Priya Yadav,75,Female,Marketing,Associate,13/06/22,97598,1,70.9,Promoted,Kochi,,,1480,0,0.657647059,0.476590249,0.293,Low,,,
EMP1446,Nikhil Mukherjee,53,Male,Research & Development,Specialist,19/02/26,131800,4,98.7,Not Promoted,Bengaluru,,,134,0.75,0.984705882,0.041976106,0.679,High,,,
EMP1447,Seema Hegde,42,Female,Finance,Consultant,25/02/24,285672,5,55.1,Not Promoted,Pune,,,859,1,0.471764706,0.27607362,0.697,High,,,
EMP1448,Rekha Kapoor,37,Male,Finance,Associate,24/01/21,236566,2,64.2,Not Promoted,Kochi,,,1986,0.25,0.578823529,0.639974169,0.427,Low,,,
EMP1449,Rekha Mishra,23,Male,Information Technology,Executive,14/10/22,295409,2,87.5,Promoted,Kolkata,,,1358,0.25,0.852941176,0.437197288,0.468,Medium,,,
EMP1450,Rekha Yadav,40,Male,Human Resources,Team Lead,24/07/23,78318,4,51.6,Not Promoted,Kolkata,,,1075,0.75,0.430588235,0.345818534,0.573,Medium,,,
EMP1451,Sachin Yadav,41,Female,Human Resources,Associate,17/07/21,207840,1,70.5,Not Promoted,Delhi,,,1812,0,0.652941176,0.583790765,0.313,Low,,,
EMP1452,Vishal Chopra,57,Male,Operations,Team Lead,22/08/19,202528,4,88.9,Not Promoted,Hyderabad,,,2507,0.75,0.869411765,0.808201485,0.797,High,,,
EMP1453,Priya Pandey,39,Female,Customer Support,Team Lead,27/05/24,255997,2,64.4,Not Promoted,Pune,,,767,0.25,0.581176471,0.246367452,0.349,Low,,,
EMP1454,Rekha Gupta,40,Male,Information Technology,Engineer,24/09/20,97330,1,74.8,Promoted,Chennai,,,2108,0,0.703529412,0.679367129,0.347,Low,,,
EMP1455,Aarav Kapoor,52,Male,Information Technology,Coordinator,21/06/25,283998,3,83.2,Not Promoted,Kolkata,,,377,0.5,0.802352941,0.120439135,0.515,Medium,,,
EMP1456,Pooja Rajan,48,Female,Administration,Engineer,14/01/21,227507,4,75.1,Not Promoted,Mumbai,,,1996,0.75,0.707058824,0.6432031,0.716,High,,,
EMP1457,Vijay Gandhi,55,Male,Operations,Associate,06/11/24,164364,4,51.2,Promoted,Mumbai,,,604,0.75,0.425882353,0.193735873,0.542,Medium,,,
EMP1458,Sangeeta Menon,45,Female,Finance,Team Lead,14/05/19,81530,5,77.2,Not Promoted,Ahmedabad,,,2607,1,0.731764706,0.840490798,0.888,High,,,
EMP1459,Arun Chatterjee,29,Female,Sales,Supervisor,25/04/25,122919,1,93.6,Promoted,Delhi,,,434,0,0.924705882,0.138844043,0.305,Low,,,
EMP1460,Ramesh Chatterjee,47,Male,Administration,Supervisor,20/09/20,122772,5,93.7,Not Promoted,Hyderabad,,,2112,1,0.925882353,0.680658702,0.914,High,,,
EMP1461,Vinay Rao,55,Male,Operations,Coordinator,16/04/22,116079,2,69.3,Not Promoted,Kochi,,,1539,0.25,0.638823529,0.495640943,0.416,Low,,,
EMP1462,Usha Rao,42,Female,Human Resources,Specialist,02/10/18,69423,5,88.4,Not Promoted,Bengaluru,,,2831,1,0.863529412,0.912818857,0.942,High,,,
EMP1463,Lakshmi Hegde,35,Female,Finance,Associate,09/04/22,291685,2,62.5,Not Promoted,Pune,,,1546,0.25,0.558823529,0.497901195,0.392,Low,,,
EMP1464,Chirag Jain,44,Female,Operations,Executive,18/06/22,291774,1,64.3,Not Promoted,Hyderabad,,,1476,0,0.58,0.475298676,0.269,Low,,,
EMP1465,Akash Pandey,27,Male,Human Resources,Consultant,30/01/20,278889,5,64.6,Not Promoted,Ahmedabad,,,2346,1,0.583529412,0.756215693,0.826,High,,,
EMP1466,Gitanjali Pillai,30,Male,Finance,Associate,24/08/19,89468,3,95.3,Promoted,Ahmedabad,,,2505,0.5,0.944705882,0.807555699,0.695,High,,,
EMP1467,Sunita Kulkarni,39,Male,Operations,Coordinator,29/12/22,55318,5,57.4,Not Promoted,Kochi,,,1282,1,0.498823529,0.41265741,0.732,High,,,
EMP1468,Geeta Patel,41,Female,Human Resources,Supervisor,07/11/23,73712,3,87.8,Not Promoted,Bengaluru,,,969,0.5,0.856470588,0.311591863,0.569,Medium,,,
EMP1469,Priya Gupta,42,Female,Human Resources,Engineer,15/01/24,293669,4,74.8,Not Promoted,Unknown,,,900,0.75,0.703529412,0.289312238,0.644,Medium,,,
EMP1470,Geeta Kulkarni,44,Male,Marketing,Team Lead,09/01/21,139192,5,73,Promoted,Chennai,,,2001,1,0.682352941,0.644817565,0.834,High,,,
EMP1471,Deepak Kumar,50,Male,Logistics,Executive,29/01/20,106679,5,62.3,Promoted,Mumbai,,,2347,1,0.556470588,0.756538586,0.818,High,,,
EMP1472,Radha Desai,58,Male,Sales,Supervisor,27/05/19,171550,1,60.4,Not Promoted,Kochi,,,2594,0,0.534117647,0.836293187,0.327,Low,,,
EMP1473,Komal Das,53,Female,Sales,Analyst,07/02/21,199985,4,74.8,Not Promoted,Hyderabad,,,1972,0.75,0.703529412,0.635453665,0.713,High,,,
EMP1474,Pankaj Das,35,Female,Logistics,Specialist,24/05/18,180900,2,57.3,Not Promoted,Kochi,,,2962,0.25,0.497647059,0.955117856,0.465,Medium,,,
EMP1475,Vikram Hegde,42,Male,Research & Development,Team Lead,22/04/20,277211,5,90.5,Not Promoted,Kochi,,,2263,1,0.888235294,0.729415563,0.912,High,,,
EMP1476,Sunita Shah,44,Female,Logistics,Manager,25/08/19,67032,3,53.5,Promoted,Kolkata,,,2504,0.5,0.452941176,0.807232806,0.547,Medium,,,
EMP1477,Zara Rao,34,Female,Marketing,Manager,25/05/19,179961,4,72.2,Not Promoted,Kochi,,,2596,0.75,0.672941176,0.836938973,0.744,High,,,
EMP1478,Arun Iyer,25,Male,Customer Support,Specialist,24/03/18,64779,3,50.2,Promoted,Kochi,,,3023,0.5,0.414117647,0.974814336,0.569,Medium,,,
EMP1479,Jai Iyer,53,Male,Administration,Consultant,01/04/25,57577,2,85.2,Promoted,Mumbai,,,458,0.25,0.825882353,0.146593478,0.402,Low,,,
EMP1480,Meera Iyer,54,Male,Logistics,Executive,25/07/18,207404,1,73.8,Not Promoted,Coimbatore,,,2900,0,0.691764706,0.935098482,0.395,Low,,,
EMP1481,Deepa Chauhan,58,Female,Operations,Analyst,15/07/20,222111,1,60.5,Not Promoted,Ahmedabad,,,2179,0,0.535294118,0.702292541,0.301,Low,,,
EMP1482,Lakshmi Mehta,27,Female,Finance,Specialist,19/07/25,280271,3,81.4,Not Promoted,Delhi,,,349,0.5,0.781176471,0.111398127,0.507,Medium,,,
EMP1483,Deepa Tiwari,54,Female,Operations,Associate,25/04/21,191802,1,64.1,Promoted,Ahmedabad,,,1895,0,0.577647059,0.610590894,0.295,Low,,,
EMP1484,Jai Reddy,29,Female,Administration,Coordinator,09/12/18,250152,1,74.1,Not Promoted,Kochi,,,2763,0,0.695294118,0.890862125,0.387,Low,,,
EMP1485,Indira Mishra,42,Female,Customer Support,Executive,02/05/19,38173,4,84.8,Not Promoted,Bengaluru,,,2619,0.75,0.821176471,0.844365515,0.79,High,,,
EMP1486,Seema Kulkarni,21,Male,Operations,Executive,22/08/22,99869,5,82.8,Promoted,Delhi,,,1411,1,0.797647059,0.454310623,0.83,High,,,
EMP1487,Divya Yadav,28,Female,Administration,Supervisor,15/05/18,254139,1,85.1,Not Promoted,Kochi,,,2971,0,0.824705882,0.958023894,0.439,Low,,,
EMP1512,Lokesh Jain,24,Male,Marketing,Analyst,04/01/21,206474,5,58.6,Not Promoted,Ahmedabad,,,2006,1,0.512941176,0.646432031,0.783,High,,,
EMP1489,Shalini Mehta,25,Male,Operations,Unknown,11/07/24,293149,1,65,Not Promoted,Pune,,,722,0,0.588235294,0.231837262,0.223,Low,,,
EMP1490,Vijay Joshi,28,Male,Marketing,Executive,18/01/22,38692,3,51.9,Promoted,Kochi,,,1627,0.5,0.434117647,0.524055538,0.485,Medium,,,
EMP1491,Gaurav Pandey,37,Female,Administration,Consultant,17/05/23,261162,3,98.8,Promoted,Kochi,,,1143,0.5,0.985882353,0.367775266,0.619,Medium,,,
EMP1492,Meera Sharma,50,Male,Operations,Team Lead,20/02/21,235719,5,83.2,Not Promoted,Chennai,,,1959,1,0.802352941,0.631256054,0.867,High,,,
EMP1493,Rekha Yadav,41,Female,Human Resources,Consultant,10/06/22,56490,2,89.5,Not Promoted,Coimbatore,,,1484,0.25,0.876470588,0.477881821,0.484,Medium,,,
EMP1494,Vinay Agarwal,37,Female,Research & Development,Team Lead,17/02/22,82941,4,83.9,Not Promoted,Hyderabad,,,1597,0.75,0.810588235,0.514368744,0.721,High,,,
EMP1495,Anjali Singh,32,Female,Human Resources,Coordinator,07/12/22,284651,4,92.1,Not Promoted,Kolkata,,,1304,0.75,0.907058824,0.419761059,0.731,High,,,
EMP1496,Sunita Gandhi,21,Male,Marketing,Executive,16/12/21,248569,2,93.6,Not Promoted,Bengaluru,,,1660,0.25,0.924705882,0.534711011,0.509,Medium,,,
EMP1497,Meera Hegde,59,Female,Human Resources,Supervisor,24/07/22,162596,1,50.2,Not Promoted,Hyderabad,,,1440,0,0.414117647,0.463674524,0.217,Low,,,
EMP1498,Nisha Naik,52,Female,Human Resources,Associate,11/01/19,103013,3,55.5,Not Promoted,Coimbatore,,,2730,0.5,0.476470588,0.880206652,0.569,Medium,,,
EMP1499,Bhavna Joshi,54,Female,Information Technology,Engineer,06/07/20,118426,3,84.3,Not Promoted,Pune,,,2188,0.5,0.815294118,0.705198579,0.636,Medium,,,
EMP1500,Esha Rajan,45,Male,Information Technology,Engineer,08/04/25,26389,3,68.5,Not Promoted,Mumbai,,,451,0.5,0.629411765,0.144333226,0.468,Medium,,,